relative_path,filename,extension,size_bytes,is_image
1853+Enfield+rifle-musket/1853+Enfield+rifle-musket_0168.jpg,1853+Enfield+rifle-musket_0168.jpg,.jpg,31712,1
1853+Enfield+rifle-musket/1853+Enfield+rifle-musket_0169.jpg,1853+Enfield+rifle-musket_0169.jpg,.jpg,69985,1
1853+Enfield+rifle-musket/1853+Enfield+rifle-musket_0170.jpg,1853+Enfield+rifle-musket_0170.jpg,.jpg,20540,1
1853+Enfield+rifle-musket/1853+Enfield+rifle-musket_0171.jpg,1853+Enfield+rifle-musket_0171.jpg,.jpg,335932,1
1853+Enfield+rifle-musket/1853+Enfield+rifle-musket_0172.jpg,1853+Enfield+rifle-musket_0172.jpg,.jpg,46160,1
1853+Enfield+rifle-musket/1853+Enfield+rifle-musket_0173.jpg,1853+Enfield+rifle-musket_0173.jpg,.jpg,43795,1
1853+Enfield+rifle-musket/1853+Enfield+rifle-musket_0174.jpg,1853+Enfield+rifle-musket_0174.jpg,.jpg,26346,1
1853+Enfield+rifle-musket/1853+Enfield+rifle-musket_0175.jpg,1853+Enfield+rifle-musket_0175.jpg,.jpg,135751,1
1853+Enfield+rifle-musket/1853+Enfield+rifle-musket_0176.jpg,1853+Enfield+rifle-musket_0176.jpg,.jpg,858519,1
1853+Enfield+rifle-musket/1853+Enfield+rifle-musket_0177.jpg,1853+Enfield+rifle-musket_0177.jpg,.jpg,48061,1
1853+Enfield+rifle-musket/1853+Enfield+rifle-musket_0178.jpg,1853+Enfield+rifle-musket_0178.jpg,.jpg,70527,1
1853+Enfield+rifle-musket/1853+Enfield+rifle-musket_0180.jpg,1853+Enfield+rifle-musket_0180.jpg,.jpg,7148,1
1853+Enfield+rifle-musket/1853+Enfield+rifle-musket_0181.jpg,1853+Enfield+rifle-musket_0181.jpg,.jpg,52085,1
1853+Enfield+rifle-musket/1853+Enfield+rifle-musket_0182.jpg,1853+Enfield+rifle-musket_0182.jpg,.jpg,249145,1
1853+Enfield+rifle-musket/1853+Enfield+rifle-musket_0183.jpg,1853+Enfield+rifle-musket_0183.jpg,.jpg,150190,1
1853+Enfield+rifle-musket/1853+Enfield+rifle-musket_0186.jpg,1853+Enfield+rifle-musket_0186.jpg,.jpg,17521,1
1853+Enfield+rifle-musket/1853+Enfield+rifle-musket_0189.jpg,1853+Enfield+rifle-musket_0189.jpg,.jpg,26442,1
1853+Enfield+rifle-musket/1853+Enfield+rifle-musket_0190.jpg,1853+Enfield+rifle-musket_0190.jpg,.jpg,202723,1
1853+Enfield+rifle-musket/1853+Enfield+rifle-musket_0194.jpg,1853+Enfield+rifle-musket_0194.jpg,.jpg,216872,1
1853+Enfield+rifle-musket/1853+Enfield+rifle-musket_0196.jpg,1853+Enfield+rifle-musket_0196.jpg,.jpg,96849,1
1853+Enfield+rifle-musket/1853+Enfield+rifle-musket_0197.jpg,1853+Enfield+rifle-musket_0197.jpg,.jpg,34767,1
1853+Enfield+rifle-musket/1853+Enfield+rifle-musket_0199.jpg,1853+Enfield+rifle-musket_0199.jpg,.jpg,92862,1
1853+Enfield+rifle-musket/1853+Enfield+rifle-musket_0202.jpg,1853+Enfield+rifle-musket_0202.jpg,.jpg,204718,1
1853+Enfield+rifle-musket/1853+Enfield+rifle-musket_0204.jpg,1853+Enfield+rifle-musket_0204.jpg,.jpg,186921,1
1853+Enfield+rifle-musket/1853+Enfield+rifle-musket_0205.jpg,1853+Enfield+rifle-musket_0205.jpg,.jpg,202307,1
1853+Enfield+rifle-musket/1853+Enfield+rifle-musket_0207.jpg,1853+Enfield+rifle-musket_0207.jpg,.jpg,147713,1
1853+Enfield+rifle-musket/1853+Enfield+rifle-musket_0208.jpg,1853+Enfield+rifle-musket_0208.jpg,.jpg,173635,1
1853+Enfield+rifle-musket/1853+Enfield+rifle-musket_0222.jpg,1853+Enfield+rifle-musket_0222.jpg,.jpg,40043,1
1853+Enfield+rifle-musket/1853+Enfield+rifle-musket_0223.jpg,1853+Enfield+rifle-musket_0223.jpg,.jpg,36515,1
1853+Enfield+rifle-musket/1853+Enfield+rifle-musket_0224.jpg,1853+Enfield+rifle-musket_0224.jpg,.jpg,46964,1
1853+Enfield+rifle-musket/1853+Enfield+rifle-musket_0225.jpg,1853+Enfield+rifle-musket_0225.jpg,.jpg,4985635,1
1853+Enfield+rifle-musket/1853+Enfield+rifle-musket_0226.jpg,1853+Enfield+rifle-musket_0226.jpg,.jpg,13490,1
1853+Enfield+rifle-musket/1853+Enfield+rifle-musket_0227.jpg,1853+Enfield+rifle-musket_0227.jpg,.jpg,925408,1
1853+Enfield+rifle-musket/1853+Enfield+rifle-musket_0228.jpg,1853+Enfield+rifle-musket_0228.jpg,.jpg,35618,1
1853+Enfield+rifle-musket/1853+Enfield+rifle-musket_0229.jpg,1853+Enfield+rifle-musket_0229.jpg,.jpg,73136,1
1853+Enfield+rifle-musket/1853+Enfield+rifle-musket_0230.jpg,1853+Enfield+rifle-musket_0230.jpg,.jpg,11880,1
1853+Enfield+rifle-musket/1853+Enfield+rifle-musket_0231.jpg,1853+Enfield+rifle-musket_0231.jpg,.jpg,35112,1
1853+Enfield+rifle-musket/1853+Enfield+rifle-musket_0232.jpg,1853+Enfield+rifle-musket_0232.jpg,.jpg,113066,1
1853+Enfield+rifle-musket/1853+Enfield+rifle-musket_0233.jpg,1853+Enfield+rifle-musket_0233.jpg,.jpg,224906,1
1853+Enfield+rifle-musket/1853+Enfield+rifle-musket_0234.jpg,1853+Enfield+rifle-musket_0234.jpg,.jpg,53584,1
1853+Enfield+rifle-musket/1853+Enfield+rifle-musket_0235.jpg,1853+Enfield+rifle-musket_0235.jpg,.jpg,75889,1
1853+Enfield+rifle-musket/1853+Enfield+rifle-musket_0236.jpg,1853+Enfield+rifle-musket_0236.jpg,.jpg,11934,1
1853+Enfield+rifle-musket/1853+Enfield+rifle-musket_0237.jpg,1853+Enfield+rifle-musket_0237.jpg,.jpg,14497,1
1853+Enfield+rifle-musket/1853+Enfield+rifle-musket_0238.jpg,1853+Enfield+rifle-musket_0238.jpg,.jpg,55413,1
1853+Enfield+rifle-musket/1853+Enfield+rifle-musket_0239.jpg,1853+Enfield+rifle-musket_0239.jpg,.jpg,7665,1
1853+Enfield+rifle-musket/1853+Enfield+rifle-musket_0240.jpg,1853+Enfield+rifle-musket_0240.jpg,.jpg,176789,1
1853+Enfield+rifle-musket/1853+Enfield+rifle-musket_0241.jpg,1853+Enfield+rifle-musket_0241.jpg,.jpg,146697,1
1853+Enfield+rifle-musket/1853+Enfield+rifle-musket_0242.jpg,1853+Enfield+rifle-musket_0242.jpg,.jpg,124550,1
1853+Enfield+rifle-musket/1853+Enfield+rifle-musket_0243.jpg,1853+Enfield+rifle-musket_0243.jpg,.jpg,57055,1
1853+Enfield+rifle-musket/1853+Enfield+rifle-musket_0244.jpg,1853+Enfield+rifle-musket_0244.jpg,.jpg,15375,1
1853+Enfield+rifle-musket/1853+Enfield+rifle-musket_0245.jpg,1853+Enfield+rifle-musket_0245.jpg,.jpg,12221,1
1853+Enfield+rifle-musket/1853+Enfield+rifle-musket_0246.jpg,1853+Enfield+rifle-musket_0246.jpg,.jpg,45605,1
1853+Enfield+rifle-musket/1853+Enfield+rifle-musket_0247.jpg,1853+Enfield+rifle-musket_0247.jpg,.jpg,13641,1
1853+Enfield+rifle-musket/1853+Enfield+rifle-musket_0248.jpg,1853+Enfield+rifle-musket_0248.jpg,.jpg,46973,1
1853+Enfield+rifle-musket/1853+Enfield+rifle-musket_0249.jpg,1853+Enfield+rifle-musket_0249.jpg,.jpg,24524,1
1853+Enfield+rifle-musket/1853+Enfield+rifle-musket_0350.jpg,1853+Enfield+rifle-musket_0350.jpg,.jpg,16451,1
1853+Enfield+rifle-musket/1853+Enfield+rifle-musket_0351.jpg,1853+Enfield+rifle-musket_0351.jpg,.jpg,21117,1
1853+Enfield+rifle-musket/1853+Enfield+rifle-musket_0352.jpg,1853+Enfield+rifle-musket_0352.jpg,.jpg,74205,1
1853+Enfield+rifle-musket/1853+Enfield+rifle-musket_0353.jpg,1853+Enfield+rifle-musket_0353.jpg,.jpg,397479,1
1853+Enfield+rifle-musket/1853+Enfield+rifle-musket_0354.jpg,1853+Enfield+rifle-musket_0354.jpg,.jpg,45381,1
1853+Enfield+rifle-musket/1853+Enfield+rifle-musket_0355.jpg,1853+Enfield+rifle-musket_0355.jpg,.jpg,40532,1
1853+Enfield+rifle-musket/1853+Enfield+rifle-musket_0356.jpg,1853+Enfield+rifle-musket_0356.jpg,.jpg,252530,1
1853+Enfield+rifle-musket/1853+Enfield+rifle-musket_0357.jpg,1853+Enfield+rifle-musket_0357.jpg,.jpg,27127,1
1853+Enfield+rifle-musket/1853+Enfield+rifle-musket_0358.jpg,1853+Enfield+rifle-musket_0358.jpg,.jpg,44831,1
1853+Enfield+rifle-musket/1853+Enfield+rifle-musket_0359.jpg,1853+Enfield+rifle-musket_0359.jpg,.jpg,15194,1
1853+Enfield+rifle-musket/1853+Enfield+rifle-musket_0360.jpg,1853+Enfield+rifle-musket_0360.jpg,.jpg,7667,1
1853+Enfield+rifle-musket/1853+Enfield+rifle-musket_0361.jpg,1853+Enfield+rifle-musket_0361.jpg,.jpg,25839,1
1853+Enfield+rifle-musket/1853+Enfield+rifle-musket_0362.jpg,1853+Enfield+rifle-musket_0362.jpg,.jpg,20563,1
1853+Enfield+rifle-musket/1853+Enfield+rifle-musket_0363.jpg,1853+Enfield+rifle-musket_0363.jpg,.jpg,208419,1
1853+Enfield+rifle-musket/1853+Enfield+rifle-musket_0364.jpg,1853+Enfield+rifle-musket_0364.jpg,.jpg,48217,1
1853+Enfield+rifle-musket/1853+Enfield+rifle-musket_0365.jpg,1853+Enfield+rifle-musket_0365.jpg,.jpg,1742592,1
1853+Enfield+rifle-musket/1853+Enfield+rifle-musket_0366.jpg,1853+Enfield+rifle-musket_0366.jpg,.jpg,15621,1
1853+Enfield+rifle-musket/1853+Enfield+rifle-musket_0367.jpg,1853+Enfield+rifle-musket_0367.jpg,.jpg,138315,1
1853+Enfield+rifle-musket/1853+Enfield+rifle-musket_0368.jpg,1853+Enfield+rifle-musket_0368.jpg,.jpg,13184,1
1853+Enfield+rifle-musket/1853+Enfield+rifle-musket_0369.jpg,1853+Enfield+rifle-musket_0369.jpg,.jpg,12228,1
1853+Enfield+rifle-musket/1853+Enfield+rifle-musket_0370.jpg,1853+Enfield+rifle-musket_0370.jpg,.jpg,275157,1
1853+Enfield+rifle-musket/1853+Enfield+rifle-musket_0371.jpg,1853+Enfield+rifle-musket_0371.jpg,.jpg,24822,1
1853+Enfield+rifle-musket/1853+Enfield+rifle-musket_0372.jpg,1853+Enfield+rifle-musket_0372.jpg,.jpg,132835,1
1853+Enfield+rifle-musket/1853+Enfield+rifle-musket_0373.jpg,1853+Enfield+rifle-musket_0373.jpg,.jpg,135892,1
1853+Enfield+rifle-musket/1853+Enfield+rifle-musket_0374.jpg,1853+Enfield+rifle-musket_0374.jpg,.jpg,48108,1
1853+Enfield+rifle-musket/1853+Enfield+rifle-musket_0375.jpg,1853+Enfield+rifle-musket_0375.jpg,.jpg,48504,1
1853+Enfield+rifle-musket/1853+Enfield+rifle-musket_0376.jpg,1853+Enfield+rifle-musket_0376.jpg,.jpg,24323,1
1853+Enfield+rifle-musket/1853+Enfield+rifle-musket_0377.jpg,1853+Enfield+rifle-musket_0377.jpg,.jpg,287024,1
AEK-919K+Kashtan+submachine+gun/AEK-919K+Kashtan+submachine+gun_0000.jpg,AEK-919K+Kashtan+submachine+gun_0000.jpg,.jpg,154786,1
AEK-919K+Kashtan+submachine+gun/AEK-919K+Kashtan+submachine+gun_0001.jpg,AEK-919K+Kashtan+submachine+gun_0001.jpg,.jpg,12040,1
AEK-919K+Kashtan+submachine+gun/AEK-919K+Kashtan+submachine+gun_0003.jpg,AEK-919K+Kashtan+submachine+gun_0003.jpg,.jpg,22897,1
AEK-919K+Kashtan+submachine+gun/AEK-919K+Kashtan+submachine+gun_0005.jpg,AEK-919K+Kashtan+submachine+gun_0005.jpg,.jpg,38978,1
AEK-919K+Kashtan+submachine+gun/AEK-919K+Kashtan+submachine+gun_0012.jpg,AEK-919K+Kashtan+submachine+gun_0012.jpg,.jpg,252578,1
AEK-919K+Kashtan+submachine+gun/AEK-919K+Kashtan+submachine+gun_0042.jpg,AEK-919K+Kashtan+submachine+gun_0042.jpg,.jpg,16323,1
AEK-919K+Kashtan+submachine+gun/AEK-919K+Kashtan+submachine+gun_0060.jpg,AEK-919K+Kashtan+submachine+gun_0060.jpg,.jpg,84214,1
AEK-919K+Kashtan+submachine+gun/AEK-919K+Kashtan+submachine+gun_0074.jpg,AEK-919K+Kashtan+submachine+gun_0074.jpg,.jpg,103692,1
AEK-919K+Kashtan+submachine+gun/AEK-919K+Kashtan+submachine+gun_0095.jpg,AEK-919K+Kashtan+submachine+gun_0095.jpg,.jpg,208952,1
AEK-919K+Kashtan+submachine+gun/AEK-919K+Kashtan+submachine+gun_0115.jpg,AEK-919K+Kashtan+submachine+gun_0115.jpg,.jpg,74980,1
AEK-919K+Kashtan+submachine+gun/AEK-919K+Kashtan+submachine+gun_0116.jpg,AEK-919K+Kashtan+submachine+gun_0116.jpg,.jpg,216172,1
AEK-919K+Kashtan+submachine+gun/AEK-919K+Kashtan+submachine+gun_0123.jpg,AEK-919K+Kashtan+submachine+gun_0123.jpg,.jpg,15486,1
AEK-919K+Kashtan+submachine+gun/AEK-919K+Kashtan+submachine+gun_0127.jpg,AEK-919K+Kashtan+submachine+gun_0127.jpg,.jpg,199229,1
AEK-919K+Kashtan+submachine+gun/AEK-919K+Kashtan+submachine+gun_0157.jpg,AEK-919K+Kashtan+submachine+gun_0157.jpg,.jpg,15762,1
AEK-919K+Kashtan+submachine+gun/AEK-919K+Kashtan+submachine+gun_0187.jpg,AEK-919K+Kashtan+submachine+gun_0187.jpg,.jpg,10616,1
AEK-919K+Kashtan+submachine+gun/AEK-919K+Kashtan+submachine+gun_0207.jpg,AEK-919K+Kashtan+submachine+gun_0207.jpg,.jpg,16167,1
AEK-919K+Kashtan+submachine+gun/AEK-919K+Kashtan+submachine+gun_0228.jpg,AEK-919K+Kashtan+submachine+gun_0228.jpg,.jpg,203969,1
AEK-919K+Kashtan+submachine+gun/AEK-919K+Kashtan+submachine+gun_0261.jpg,AEK-919K+Kashtan+submachine+gun_0261.jpg,.jpg,146936,1
AEK-919K+Kashtan+submachine+gun/AEK-919K+Kashtan+submachine+gun_0282.jpg,AEK-919K+Kashtan+submachine+gun_0282.jpg,.jpg,200633,1
AEK-919K+Kashtan+submachine+gun/AEK-919K+Kashtan+submachine+gun_0310.jpg,AEK-919K+Kashtan+submachine+gun_0310.jpg,.jpg,14517,1
AEK-919K+Kashtan+submachine+gun/AEK-919K+Kashtan+submachine+gun_0317.jpg,AEK-919K+Kashtan+submachine+gun_0317.jpg,.jpg,11158,1
AEK-919K+Kashtan+submachine+gun/AEK-919K+Kashtan+submachine+gun_0321.jpg,AEK-919K+Kashtan+submachine+gun_0321.jpg,.jpg,215540,1
AEK-919K+Kashtan+submachine+gun/AEK-919K+Kashtan+submachine+gun_0322.jpg,AEK-919K+Kashtan+submachine+gun_0322.jpg,.jpg,114849,1
AEK-919K+Kashtan+submachine+gun/AEK-919K+Kashtan+submachine+gun_0325.jpg,AEK-919K+Kashtan+submachine+gun_0325.jpg,.jpg,168045,1
AEK-919K+Kashtan+submachine+gun/AEK-919K+Kashtan+submachine+gun_0328.jpg,AEK-919K+Kashtan+submachine+gun_0328.jpg,.jpg,72214,1
AEK-919K+Kashtan+submachine+gun/AEK-919K+Kashtan+submachine+gun_0337.jpg,AEK-919K+Kashtan+submachine+gun_0337.jpg,.jpg,188902,1
AEK-919K+Kashtan+submachine+gun/AEK-919K+Kashtan+submachine+gun_0340.jpg,AEK-919K+Kashtan+submachine+gun_0340.jpg,.jpg,70496,1
AEK-919K+Kashtan+submachine+gun/AEK-919K+Kashtan+submachine+gun_0344.jpg,AEK-919K+Kashtan+submachine+gun_0344.jpg,.jpg,48780,1
AEK-919K+Kashtan+submachine+gun/AEK-919K+Kashtan+submachine+gun_0347.jpg,AEK-919K+Kashtan+submachine+gun_0347.jpg,.jpg,129122,1
AK+47/AK+47_0000.jpg,AK+47_0000.jpg,.jpg,613418,1
AK+47/AK+47_0001.jpg,AK+47_0001.jpg,.jpg,85436,1
AK+47/AK+47_0002.jpg,AK+47_0002.jpg,.jpg,138188,1
AK+47/AK+47_0003.jpg,AK+47_0003.jpg,.jpg,59798,1
AK+47/AK+47_0009.jpg,AK+47_0009.jpg,.jpg,117845,1
AK+47/AK+47_0012.jpg,AK+47_0012.jpg,.jpg,105878,1
AK+47/AK+47_0014.jpg,AK+47_0014.jpg,.jpg,21909,1
AK+47/AK+47_0020.jpg,AK+47_0020.jpg,.jpg,689891,1
AK+47/AK+47_0021.jpg,AK+47_0021.jpg,.jpg,14725,1
AK+47/AK+47_0032.jpg,AK+47_0032.jpg,.jpg,62297,1
AK+47/AK+47_0042.jpg,AK+47_0042.jpg,.jpg,1129917,1
AK+47/AK+47_0044.jpg,AK+47_0044.jpg,.jpg,19548,1
AK+47/AK+47_0048.jpg,AK+47_0048.jpg,.jpg,25796,1
AK+47/AK+47_0061.jpg,AK+47_0061.jpg,.jpg,111534,1
AK+47/AK+47_0070.jpg,AK+47_0070.jpg,.jpg,41088,1
AK+47/AK+47_0079.jpg,AK+47_0079.jpg,.jpg,124003,1
AK+47/AK+47_0088.jpg,AK+47_0088.jpg,.jpg,103569,1
AK+47/AK+47_0099.jpg,AK+47_0099.jpg,.jpg,58947,1
AK+47/AK+47_0107.jpg,AK+47_0107.jpg,.jpg,49071,1
AK+47/AK+47_0108.jpg,AK+47_0108.jpg,.jpg,19741,1
AK+47/AK+47_0109.jpg,AK+47_0109.jpg,.jpg,43174,1
AK+47/AK+47_0118.jpg,AK+47_0118.jpg,.jpg,17356,1
AK+47/AK+47_0122.jpg,AK+47_0122.jpg,.jpg,144748,1
AK+47/AK+47_0127.jpg,AK+47_0127.jpg,.jpg,138306,1
AK+47/AK+47_0131.jpg,AK+47_0131.jpg,.jpg,120843,1
AK+47/AK+47_0134.jpg,AK+47_0134.jpg,.jpg,113401,1
AK+47/AK+47_0137.jpg,AK+47_0137.jpg,.jpg,50986,1
AK+47/AK+47_0138.jpg,AK+47_0138.jpg,.jpg,526139,1
AK+47/AK+47_0143.jpg,AK+47_0143.jpg,.jpg,387843,1
AK+47/AK+47_0150.jpg,AK+47_0150.jpg,.jpg,34299,1
AK+47/AK+47_0152.jpg,AK+47_0152.jpg,.jpg,19938,1
AK+47/AK+47_0165.jpg,AK+47_0165.jpg,.jpg,2599424,1
AK+47/AK+47_0168.jpg,AK+47_0168.jpg,.jpg,93731,1
AK+47/AK+47_0171.jpg,AK+47_0171.jpg,.jpg,174215,1
AK+47/AK+47_0184.jpg,AK+47_0184.jpg,.jpg,64232,1
AK+47/AK+47_0188.jpg,AK+47_0188.jpg,.jpg,58053,1
AK+47/AK+47_0191.jpg,AK+47_0191.jpg,.jpg,30309,1
AK+47/AK+47_0194.jpg,AK+47_0194.jpg,.jpg,43343,1
AK+47/AK+47_0196.jpg,AK+47_0196.jpg,.jpg,41159,1
AK+47/AK+47_0201.jpg,AK+47_0201.jpg,.jpg,79181,1
AK+47/AK+47_0209.jpg,AK+47_0209.jpg,.jpg,50206,1
AK+47/AK+47_0216.jpg,AK+47_0216.jpg,.jpg,32403,1
AK+47/AK+47_0219.jpg,AK+47_0219.jpg,.jpg,41476,1
AK+47/AK+47_0236.jpg,AK+47_0236.jpg,.jpg,105089,1
AK+47/AK+47_0239.jpg,AK+47_0239.jpg,.jpg,156827,1
AK+47/AK+47_0256.jpg,AK+47_0256.jpg,.jpg,617143,1
AK+47/AK+47_0268.jpg,AK+47_0268.jpg,.jpg,18292,1
AK+47/AK+47_0306.jpg,AK+47_0306.jpg,.jpg,244708,1
AK+47/AK+47_0314.jpg,AK+47_0314.jpg,.jpg,414983,1
AK+47/AK+47_0318.jpg,AK+47_0318.jpg,.jpg,66509,1
AK+47/AK+47_0327.jpg,AK+47_0327.jpg,.jpg,114772,1
AK+47/AK+47_0330.jpg,AK+47_0330.jpg,.jpg,12617,1
AK+47/AK+47_0335.jpg,AK+47_0335.jpg,.jpg,2006590,1
AK+47/AK+47_0340.jpg,AK+47_0340.jpg,.jpg,64859,1
AK-12+rifle/AK-12+rifle_0000.jpg,AK-12+rifle_0000.jpg,.jpg,16003,1
AK-12+rifle/AK-12+rifle_0001.jpg,AK-12+rifle_0001.jpg,.jpg,31656,1
AK-12+rifle/AK-12+rifle_0003.jpg,AK-12+rifle_0003.jpg,.jpg,58149,1
AK-12+rifle/AK-12+rifle_0012.jpg,AK-12+rifle_0012.jpg,.jpg,94662,1
AK-12+rifle/AK-12+rifle_0054.jpg,AK-12+rifle_0054.jpg,.jpg,58610,1
AK-12+rifle/AK-12+rifle_0069.jpg,AK-12+rifle_0069.jpg,.jpg,269629,1
AK-12+rifle/AK-12+rifle_0070.jpg,AK-12+rifle_0070.jpg,.jpg,86682,1
AK-12+rifle/AK-12+rifle_0087.jpg,AK-12+rifle_0087.jpg,.jpg,18228,1
AK-12+rifle/AK-12+rifle_0090.jpg,AK-12+rifle_0090.jpg,.jpg,109534,1
AK-12+rifle/AK-12+rifle_0097.jpg,AK-12+rifle_0097.jpg,.jpg,89028,1
AK-12+rifle/AK-12+rifle_0119.jpg,AK-12+rifle_0119.jpg,.jpg,16529,1
AK-12+rifle/AK-12+rifle_0120.jpg,AK-12+rifle_0120.jpg,.jpg,39822,1
AK-12+rifle/AK-12+rifle_0123.jpg,AK-12+rifle_0123.jpg,.jpg,214706,1
AK-12+rifle/AK-12+rifle_0127.jpg,AK-12+rifle_0127.jpg,.jpg,161592,1
AK-12+rifle/AK-12+rifle_0128.jpg,AK-12+rifle_0128.jpg,.jpg,43752,1
AK-12+rifle/AK-12+rifle_0130.jpg,AK-12+rifle_0130.jpg,.jpg,24140,1
AK-12+rifle/AK-12+rifle_0137.jpg,AK-12+rifle_0137.jpg,.jpg,29067,1
AK-12+rifle/AK-12+rifle_0150.jpg,AK-12+rifle_0150.jpg,.jpg,8295,1
AK-12+rifle/AK-12+rifle_0193.jpg,AK-12+rifle_0193.jpg,.jpg,27035,1
AK-12+rifle/AK-12+rifle_0198.jpg,AK-12+rifle_0198.jpg,.jpg,18600,1
AK-12+rifle/AK-12+rifle_0281.jpg,AK-12+rifle_0281.jpg,.jpg,125856,1
AK-12+rifle/AK-12+rifle_0289.jpg,AK-12+rifle_0289.jpg,.jpg,67968,1
AK-12+rifle/AK-12+rifle_0308.jpg,AK-12+rifle_0308.jpg,.jpg,15467,1
AK-12+rifle/AK-12+rifle_0347.jpg,AK-12+rifle_0347.jpg,.jpg,25284,1
AK-12+rifle/AK-12+rifle_0355.jpg,AK-12+rifle_0355.jpg,.jpg,43687,1
AK-12+rifle/AK-12+rifle_0363.jpg,AK-12+rifle_0363.jpg,.jpg,80039,1
AK-12+rifle/AK-12+rifle_0376.jpg,AK-12+rifle_0376.jpg,.jpg,55973,1
AK-12+rifle/AK-12+rifle_0385.jpg,AK-12+rifle_0385.jpg,.jpg,26662,1
AK-12+rifle/AK-12+rifle_0386.jpg,AK-12+rifle_0386.jpg,.jpg,29148,1
AK-12+rifle/AK-12+rifle_0387.jpg,AK-12+rifle_0387.jpg,.jpg,10385,1
AK-12+rifle/AK-12+rifle_0395.jpg,AK-12+rifle_0395.jpg,.jpg,54871,1
AN-94+rifle/AN-94+rifle_0000.jpg,AN-94+rifle_0000.jpg,.jpg,15141,1
AN-94+rifle/AN-94+rifle_0001.jpg,AN-94+rifle_0001.jpg,.jpg,2629437,1
AN-94+rifle/AN-94+rifle_0006.jpg,AN-94+rifle_0006.jpg,.jpg,21337,1
AN-94+rifle/AN-94+rifle_0011.jpg,AN-94+rifle_0011.jpg,.jpg,20136,1
AN-94+rifle/AN-94+rifle_0012.jpg,AN-94+rifle_0012.jpg,.jpg,20949,1
AN-94+rifle/AN-94+rifle_0013.jpg,AN-94+rifle_0013.jpg,.jpg,49076,1
AN-94+rifle/AN-94+rifle_0123.jpg,AN-94+rifle_0123.jpg,.jpg,234993,1
AN-94+rifle/AN-94+rifle_0125.jpg,AN-94+rifle_0125.jpg,.jpg,37010,1
AN-94+rifle/AN-94+rifle_0126.jpg,AN-94+rifle_0126.jpg,.jpg,54614,1
AN-94+rifle/AN-94+rifle_0139.jpg,AN-94+rifle_0139.jpg,.jpg,332415,1
AN-94+rifle/AN-94+rifle_0210.jpg,AN-94+rifle_0210.jpg,.jpg,48114,1
AN-94+rifle/AN-94+rifle_0239.jpg,AN-94+rifle_0239.jpg,.jpg,272627,1
AN-94+rifle/AN-94+rifle_0251.jpg,AN-94+rifle_0251.jpg,.jpg,89300,1
AN-94+rifle/AN-94+rifle_0285.jpg,AN-94+rifle_0285.jpg,.jpg,16084,1
AN-94+rifle/AN-94+rifle_0287.jpg,AN-94+rifle_0287.jpg,.jpg,29614,1
AN-94+rifle/AN-94+rifle_0296.jpg,AN-94+rifle_0296.jpg,.jpg,79584,1
AN-94+rifle/AN-94+rifle_0307.jpg,AN-94+rifle_0307.jpg,.jpg,10361,1
AN-94+rifle/AN-94+rifle_0332.jpg,AN-94+rifle_0332.jpg,.jpg,78708,1
AN-94+rifle/AN-94+rifle_0334.jpg,AN-94+rifle_0334.jpg,.jpg,2597293,1
AN-94+rifle/AN-94+rifle_0335.jpg,AN-94+rifle_0335.jpg,.jpg,76134,1
AS+Val+rifle/AS+Val+rifle_0000.jpg,AS+Val+rifle_0000.jpg,.jpg,335951,1
AS+Val+rifle/AS+Val+rifle_0006.jpg,AS+Val+rifle_0006.jpg,.jpg,17218,1
AS+Val+rifle/AS+Val+rifle_0009.jpg,AS+Val+rifle_0009.jpg,.jpg,291288,1
AS+Val+rifle/AS+Val+rifle_0013.jpg,AS+Val+rifle_0013.jpg,.jpg,66750,1
AS+Val+rifle/AS+Val+rifle_0014.jpg,AS+Val+rifle_0014.jpg,.jpg,41519,1
AS+Val+rifle/AS+Val+rifle_0015.jpg,AS+Val+rifle_0015.jpg,.jpg,174437,1
AS+Val+rifle/AS+Val+rifle_0016.jpg,AS+Val+rifle_0016.jpg,.jpg,21297,1
AS+Val+rifle/AS+Val+rifle_0022.jpg,AS+Val+rifle_0022.jpg,.jpg,492727,1
AS+Val+rifle/AS+Val+rifle_0025.jpg,AS+Val+rifle_0025.jpg,.jpg,15709,1
AS+Val+rifle/AS+Val+rifle_0029.jpg,AS+Val+rifle_0029.jpg,.jpg,233539,1
AS+Val+rifle/AS+Val+rifle_0030.jpg,AS+Val+rifle_0030.jpg,.jpg,4445859,1
AS+Val+rifle/AS+Val+rifle_0031.jpg,AS+Val+rifle_0031.jpg,.jpg,910288,1
AS+Val+rifle/AS+Val+rifle_0041.jpg,AS+Val+rifle_0041.jpg,.jpg,1971263,1
AS+Val+rifle/AS+Val+rifle_0042.jpg,AS+Val+rifle_0042.jpg,.jpg,44519,1
AS+Val+rifle/AS+Val+rifle_0044.jpg,AS+Val+rifle_0044.jpg,.jpg,383125,1
AS+Val+rifle/AS+Val+rifle_0050.jpg,AS+Val+rifle_0050.jpg,.jpg,108576,1
AS+Val+rifle/AS+Val+rifle_0053.jpg,AS+Val+rifle_0053.jpg,.jpg,50173,1
AS+Val+rifle/AS+Val+rifle_0057.jpg,AS+Val+rifle_0057.jpg,.jpg,192242,1
AS+Val+rifle/AS+Val+rifle_0060.jpg,AS+Val+rifle_0060.jpg,.jpg,8147,1
AS+Val+rifle/AS+Val+rifle_0064.jpg,AS+Val+rifle_0064.jpg,.jpg,373196,1
AS+Val+rifle/AS+Val+rifle_0068.jpg,AS+Val+rifle_0068.jpg,.jpg,217462,1
AS+Val+rifle/AS+Val+rifle_0071.jpg,AS+Val+rifle_0071.jpg,.jpg,32411,1
AS+Val+rifle/AS+Val+rifle_0074.jpg,AS+Val+rifle_0074.jpg,.jpg,48866,1
AS+Val+rifle/AS+Val+rifle_0077.jpg,AS+Val+rifle_0077.jpg,.jpg,318432,1
AS+Val+rifle/AS+Val+rifle_0079.jpg,AS+Val+rifle_0079.jpg,.jpg,114218,1
AS+Val+rifle/AS+Val+rifle_0083.jpg,AS+Val+rifle_0083.jpg,.jpg,311365,1
AS+Val+rifle/AS+Val+rifle_0087.jpg,AS+Val+rifle_0087.jpg,.jpg,194029,1
AS+Val+rifle/AS+Val+rifle_0095.jpg,AS+Val+rifle_0095.jpg,.jpg,803251,1
AS+Val+rifle/AS+Val+rifle_0103.jpg,AS+Val+rifle_0103.jpg,.jpg,147967,1
AS+Val+rifle/AS+Val+rifle_0114.jpg,AS+Val+rifle_0114.jpg,.jpg,281620,1
AS+Val+rifle/AS+Val+rifle_0117.jpg,AS+Val+rifle_0117.jpg,.jpg,191223,1
AS+Val+rifle/AS+Val+rifle_0118.jpg,AS+Val+rifle_0118.jpg,.jpg,1582002,1
AS+Val+rifle/AS+Val+rifle_0124.jpg,AS+Val+rifle_0124.jpg,.jpg,287451,1
AS+Val+rifle/AS+Val+rifle_0128.jpg,AS+Val+rifle_0128.jpg,.jpg,177412,1
AS+Val+rifle/AS+Val+rifle_0131.jpg,AS+Val+rifle_0131.jpg,.jpg,68834,1
AS+Val+rifle/AS+Val+rifle_0140.jpg,AS+Val+rifle_0140.jpg,.jpg,2459571,1
AS+Val+rifle/AS+Val+rifle_0147.jpg,AS+Val+rifle_0147.jpg,.jpg,2560083,1
AS+Val+rifle/AS+Val+rifle_0149.jpg,AS+Val+rifle_0149.jpg,.jpg,200408,1
AS+Val+rifle/AS+Val+rifle_0151.jpg,AS+Val+rifle_0151.jpg,.jpg,33674,1
AS+Val+rifle/AS+Val+rifle_0155.jpg,AS+Val+rifle_0155.jpg,.jpg,352210,1
AS+Val+rifle/AS+Val+rifle_0157.jpg,AS+Val+rifle_0157.jpg,.jpg,143082,1
AS+Val+rifle/AS+Val+rifle_0159.jpg,AS+Val+rifle_0159.jpg,.jpg,43795,1
AS+Val+rifle/AS+Val+rifle_0168.jpg,AS+Val+rifle_0168.jpg,.jpg,22658,1
AS+Val+rifle/AS+Val+rifle_0169.jpg,AS+Val+rifle_0169.jpg,.jpg,129832,1
AS+Val+rifle/AS+Val+rifle_0172.jpg,AS+Val+rifle_0172.jpg,.jpg,226657,1
AS+Val+rifle/AS+Val+rifle_0194.jpg,AS+Val+rifle_0194.jpg,.jpg,5934,1
AS+Val+rifle/AS+Val+rifle_0197.jpg,AS+Val+rifle_0197.jpg,.jpg,27872,1
AS+Val+rifle/AS+Val+rifle_0199.jpg,AS+Val+rifle_0199.jpg,.jpg,15372,1
AS+Val+rifle/AS+Val+rifle_0207.jpg,AS+Val+rifle_0207.jpg,.jpg,183714,1
AS+Val+rifle/AS+Val+rifle_0209.jpg,AS+Val+rifle_0209.jpg,.jpg,344396,1
AS+Val+rifle/AS+Val+rifle_0222.jpg,AS+Val+rifle_0222.jpg,.jpg,762748,1
AS+Val+rifle/AS+Val+rifle_0226.jpg,AS+Val+rifle_0226.jpg,.jpg,51061,1
AS+Val+rifle/AS+Val+rifle_0227.jpg,AS+Val+rifle_0227.jpg,.jpg,445996,1
AS+Val+rifle/AS+Val+rifle_0231.jpg,AS+Val+rifle_0231.jpg,.jpg,1504902,1
AS+Val+rifle/AS+Val+rifle_0233.jpg,AS+Val+rifle_0233.jpg,.jpg,95353,1
AS+Val+rifle/AS+Val+rifle_0240.jpg,AS+Val+rifle_0240.jpg,.jpg,19143,1
AS+Val+rifle/AS+Val+rifle_0241.jpg,AS+Val+rifle_0241.jpg,.jpg,14508,1
AS+Val+rifle/AS+Val+rifle_0260.jpg,AS+Val+rifle_0260.jpg,.jpg,51208,1
AS+Val+rifle/AS+Val+rifle_0272.jpg,AS+Val+rifle_0272.jpg,.jpg,198772,1
AS+Val+rifle/AS+Val+rifle_0302.jpg,AS+Val+rifle_0302.jpg,.jpg,222213,1
AS+Val+rifle/AS+Val+rifle_0304.jpg,AS+Val+rifle_0304.jpg,.jpg,34082,1
AS+Val+rifle/AS+Val+rifle_0306.jpg,AS+Val+rifle_0306.jpg,.jpg,235187,1
AS+Val+rifle/AS+Val+rifle_0310.jpg,AS+Val+rifle_0310.jpg,.jpg,1628254,1
AS+Val+rifle/AS+Val+rifle_0311.jpg,AS+Val+rifle_0311.jpg,.jpg,670393,1
AS+Val+rifle/AS+Val+rifle_0312.jpg,AS+Val+rifle_0312.jpg,.jpg,18653,1
AS+Val+rifle/AS+Val+rifle_0315.jpg,AS+Val+rifle_0315.jpg,.jpg,102683,1
AS+Val+rifle/AS+Val+rifle_0316.jpg,AS+Val+rifle_0316.jpg,.jpg,19145,1
AS+Val+rifle/AS+Val+rifle_0325.jpg,AS+Val+rifle_0325.jpg,.jpg,23891,1
AS+Val+rifle/AS+Val+rifle_0333.jpg,AS+Val+rifle_0333.jpg,.jpg,173841,1
AS+Val+rifle/AS+Val+rifle_0334.jpg,AS+Val+rifle_0334.jpg,.jpg,18963,1
AS+Val+rifle/AS+Val+rifle_0339.jpg,AS+Val+rifle_0339.jpg,.jpg,11925,1
AS+Val+rifle/AS+Val+rifle_0341.jpg,AS+Val+rifle_0341.jpg,.jpg,181408,1
AS+Val+rifle/AS+Val+rifle_0342.jpg,AS+Val+rifle_0342.jpg,.jpg,322007,1
AS+Val+rifle/AS+Val+rifle_0345.jpg,AS+Val+rifle_0345.jpg,.jpg,3901919,1
AS+Val+rifle/AS+Val+rifle_0347.jpg,AS+Val+rifle_0347.jpg,.jpg,12848,1
AS+Val+rifle/AS+Val+rifle_0352.jpg,AS+Val+rifle_0352.jpg,.jpg,146024,1
AS+Val+rifle/AS+Val+rifle_0353.jpg,AS+Val+rifle_0353.jpg,.jpg,33830,1
AS+Val+rifle/AS+Val+rifle_0354.jpg,AS+Val+rifle_0354.jpg,.jpg,42165,1
AS+Val+rifle/AS+Val+rifle_0356.jpg,AS+Val+rifle_0356.jpg,.jpg,48305,1
AS+Val+rifle/AS+Val+rifle_0357.jpg,AS+Val+rifle_0357.jpg,.jpg,58355,1
AS+Val+rifle/AS+Val+rifle_0358.jpg,AS+Val+rifle_0358.jpg,.jpg,157293,1
Astra+600/Astra+600_0000.jpg,Astra+600_0000.jpg,.jpg,49566,1
Astra+600/Astra+600_0001.jpg,Astra+600_0001.jpg,.jpg,136588,1
Astra+600/Astra+600_0002.jpg,Astra+600_0002.jpg,.jpg,78583,1
Astra+600/Astra+600_0004.jpg,Astra+600_0004.jpg,.jpg,14462,1
Astra+600/Astra+600_0005.jpg,Astra+600_0005.jpg,.jpg,69563,1
Astra+600/Astra+600_0008.jpg,Astra+600_0008.jpg,.jpg,100900,1
Astra+600/Astra+600_0009.jpg,Astra+600_0009.jpg,.jpg,54912,1
Astra+600/Astra+600_0010.jpg,Astra+600_0010.jpg,.jpg,30229,1
Astra+600/Astra+600_0011.jpg,Astra+600_0011.jpg,.jpg,35368,1
Astra+600/Astra+600_0017.jpg,Astra+600_0017.jpg,.jpg,1159269,1
Astra+600/Astra+600_0019.jpg,Astra+600_0019.jpg,.jpg,34489,1
Astra+600/Astra+600_0020.jpg,Astra+600_0020.jpg,.jpg,220939,1
Astra+600/Astra+600_0023.jpg,Astra+600_0023.jpg,.jpg,129657,1
Astra+600/Astra+600_0025.jpg,Astra+600_0025.jpg,.jpg,87724,1
Astra+600/Astra+600_0026.jpg,Astra+600_0026.jpg,.jpg,20899,1
Astra+600/Astra+600_0027.jpg,Astra+600_0027.jpg,.jpg,210855,1
Astra+600/Astra+600_0030.jpg,Astra+600_0030.jpg,.jpg,81194,1
Astra+600/Astra+600_0033.jpg,Astra+600_0033.jpg,.jpg,140049,1
Astra+600/Astra+600_0034.jpg,Astra+600_0034.jpg,.jpg,21762,1
Astra+600/Astra+600_0040.jpg,Astra+600_0040.jpg,.jpg,166899,1
Astra+600/Astra+600_0041.jpg,Astra+600_0041.jpg,.jpg,65058,1
Astra+600/Astra+600_0042.jpg,Astra+600_0042.jpg,.jpg,30453,1
Astra+600/Astra+600_0043.jpg,Astra+600_0043.jpg,.jpg,91820,1
Astra+600/Astra+600_0046.jpg,Astra+600_0046.jpg,.jpg,57165,1
Astra+600/Astra+600_0050.jpg,Astra+600_0050.jpg,.jpg,59230,1
Astra+600/Astra+600_0052.jpg,Astra+600_0052.jpg,.jpg,39046,1
Astra+600/Astra+600_0053.jpg,Astra+600_0053.jpg,.jpg,49807,1
Astra+600/Astra+600_0057.jpg,Astra+600_0057.jpg,.jpg,85558,1
Astra+600/Astra+600_0060.jpg,Astra+600_0060.jpg,.jpg,56194,1
Astra+600/Astra+600_0061.jpg,Astra+600_0061.jpg,.jpg,37554,1
Astra+600/Astra+600_0062.jpg,Astra+600_0062.jpg,.jpg,40767,1
Astra+600/Astra+600_0065.jpg,Astra+600_0065.jpg,.jpg,42749,1
Astra+600/Astra+600_0068.jpg,Astra+600_0068.jpg,.jpg,62355,1
Astra+600/Astra+600_0069.jpg,Astra+600_0069.jpg,.jpg,59275,1
Astra+600/Astra+600_0070.jpg,Astra+600_0070.jpg,.jpg,68810,1
Astra+600/Astra+600_0071.jpg,Astra+600_0071.jpg,.jpg,65901,1
Astra+600/Astra+600_0074.jpg,Astra+600_0074.jpg,.jpg,16182,1
Astra+600/Astra+600_0078.jpg,Astra+600_0078.jpg,.jpg,94900,1
Astra+600/Astra+600_0079.jpg,Astra+600_0079.jpg,.jpg,33631,1
Astra+600/Astra+600_0080.jpg,Astra+600_0080.jpg,.jpg,51167,1
Astra+600/Astra+600_0083.jpg,Astra+600_0083.jpg,.jpg,318167,1
Astra+600/Astra+600_0085.jpg,Astra+600_0085.jpg,.jpg,344494,1
Astra+600/Astra+600_0086.jpg,Astra+600_0086.jpg,.jpg,98904,1
Astra+600/Astra+600_0087.jpg,Astra+600_0087.jpg,.jpg,1220511,1
Astra+600/Astra+600_0092.jpg,Astra+600_0092.jpg,.jpg,58217,1
Astra+600/Astra+600_0094.jpg,Astra+600_0094.jpg,.jpg,58033,1
Astra+600/Astra+600_0095.jpg,Astra+600_0095.jpg,.jpg,101089,1
Astra+600/Astra+600_0098.jpg,Astra+600_0098.jpg,.jpg,141628,1
Astra+600/Astra+600_0100.jpg,Astra+600_0100.jpg,.jpg,204828,1
Astra+600/Astra+600_0105.jpg,Astra+600_0105.jpg,.jpg,72560,1
Astra+600/Astra+600_0123.jpg,Astra+600_0123.jpg,.jpg,32390,1
Astra+600/Astra+600_0124.jpg,Astra+600_0124.jpg,.jpg,5380084,1
Astra+600/Astra+600_0127.jpg,Astra+600_0127.jpg,.jpg,31995,1
Astra+600/Astra+600_0130.jpg,Astra+600_0130.jpg,.jpg,35904,1
Astra+600/Astra+600_0133.jpg,Astra+600_0133.jpg,.jpg,63406,1
Astra+600/Astra+600_0134.jpg,Astra+600_0134.jpg,.jpg,104169,1
Astra+600/Astra+600_0146.jpg,Astra+600_0146.jpg,.jpg,200277,1
Astra+600/Astra+600_0147.jpg,Astra+600_0147.jpg,.jpg,30625,1
Astra+600/Astra+600_0154.jpg,Astra+600_0154.jpg,.jpg,49968,1
Astra+600/Astra+600_0155.jpg,Astra+600_0155.jpg,.jpg,163436,1
Astra+600/Astra+600_0166.jpg,Astra+600_0166.jpg,.jpg,150308,1
Astra+600/Astra+600_0174.jpg,Astra+600_0174.jpg,.jpg,115058,1
Astra+600/Astra+600_0176.jpg,Astra+600_0176.jpg,.jpg,371675,1
Astra+600/Astra+600_0179.jpg,Astra+600_0179.jpg,.jpg,52620,1
Astra+600/Astra+600_0183.jpg,Astra+600_0183.jpg,.jpg,47610,1
Astra+600/Astra+600_0193.jpg,Astra+600_0193.jpg,.jpg,46621,1
Astra+600/Astra+600_0199.jpg,Astra+600_0199.jpg,.jpg,181655,1
Astra+600/Astra+600_0200.jpg,Astra+600_0200.jpg,.jpg,47992,1
Astra+600/Astra+600_0204.jpg,Astra+600_0204.jpg,.jpg,81863,1
Astra+600/Astra+600_0211.jpg,Astra+600_0211.jpg,.jpg,155044,1
Astra+600/Astra+600_0213.jpg,Astra+600_0213.jpg,.jpg,32864,1
Astra+600/Astra+600_0235.jpg,Astra+600_0235.jpg,.jpg,99720,1
Astra+600/Astra+600_0245.jpg,Astra+600_0245.jpg,.jpg,110580,1
Astra+600/Astra+600_0266.jpg,Astra+600_0266.jpg,.jpg,45024,1
Astra+600/Astra+600_0270.jpg,Astra+600_0270.jpg,.jpg,7911,1
Astra+600/Astra+600_0275.jpg,Astra+600_0275.jpg,.jpg,116416,1
Astra+600/Astra+600_0276.jpg,Astra+600_0276.jpg,.jpg,434624,1
Astra+600/Astra+600_0278.jpg,Astra+600_0278.jpg,.jpg,40893,1
Astra+600/Astra+600_0279.jpg,Astra+600_0279.jpg,.jpg,73116,1
Astra+600/Astra+600_0280.jpg,Astra+600_0280.jpg,.jpg,269134,1
Astra+600/Astra+600_0281.jpg,Astra+600_0281.jpg,.jpg,102277,1
Astra+600/Astra+600_0284.jpg,Astra+600_0284.jpg,.jpg,97532,1
Astra+600/Astra+600_0285.jpg,Astra+600_0285.jpg,.jpg,72157,1
Astra+600/Astra+600_0286.jpg,Astra+600_0286.jpg,.jpg,55294,1
Astra+600/Astra+600_0288.jpg,Astra+600_0288.jpg,.jpg,67215,1
Astra+600/Astra+600_0289.jpg,Astra+600_0289.jpg,.jpg,48912,1
Astra+600/Astra+600_0292.jpg,Astra+600_0292.jpg,.jpg,124211,1
Astra+600/Astra+600_0293.jpg,Astra+600_0293.jpg,.jpg,63826,1
Astra+600/Astra+600_0294.jpg,Astra+600_0294.jpg,.jpg,51531,1
Astra+600/Astra+600_0295.jpg,Astra+600_0295.jpg,.jpg,79889,1
Astra+600/Astra+600_0297.jpg,Astra+600_0297.jpg,.jpg,363587,1
Astra+600/Astra+600_0298.jpg,Astra+600_0298.jpg,.jpg,56735,1
Astra+600/Astra+600_0299.jpg,Astra+600_0299.jpg,.jpg,46180,1
Astra+600/Astra+600_0301.jpg,Astra+600_0301.jpg,.jpg,42909,1
Astra+600/Astra+600_0304.jpg,Astra+600_0304.jpg,.jpg,49802,1
Astra+600/Astra+600_0308.jpg,Astra+600_0308.jpg,.jpg,74206,1
Astra+600/Astra+600_0310.jpg,Astra+600_0310.jpg,.jpg,141139,1
Astra+600/Astra+600_0311.jpg,Astra+600_0311.jpg,.jpg,47085,1
Astra+600/Astra+600_0313.jpg,Astra+600_0313.jpg,.jpg,33473,1
Astra+600/Astra+600_0315.jpg,Astra+600_0315.jpg,.jpg,116464,1
Astra+600/Astra+600_0318.jpg,Astra+600_0318.jpg,.jpg,19793,1
Astra+600/Astra+600_0319.jpg,Astra+600_0319.jpg,.jpg,74920,1
Berdan+Sharps+Rifle/Berdan+Sharps+Rifle_0000.jpg,Berdan+Sharps+Rifle_0000.jpg,.jpg,29437,1
Berdan+Sharps+Rifle/Berdan+Sharps+Rifle_0018.jpg,Berdan+Sharps+Rifle_0018.jpg,.jpg,87424,1
Berdan+Sharps+Rifle/Berdan+Sharps+Rifle_0030.jpg,Berdan+Sharps+Rifle_0030.jpg,.jpg,110669,1
Berdan+Sharps+Rifle/Berdan+Sharps+Rifle_0031.jpg,Berdan+Sharps+Rifle_0031.jpg,.jpg,65369,1
Berdan+Sharps+Rifle/Berdan+Sharps+Rifle_0033.jpg,Berdan+Sharps+Rifle_0033.jpg,.jpg,839497,1
Berdan+Sharps+Rifle/Berdan+Sharps+Rifle_0040.jpg,Berdan+Sharps+Rifle_0040.jpg,.jpg,65402,1
Berdan+Sharps+Rifle/Berdan+Sharps+Rifle_0041.jpg,Berdan+Sharps+Rifle_0041.jpg,.jpg,43213,1
Berdan+Sharps+Rifle/Berdan+Sharps+Rifle_0050.jpg,Berdan+Sharps+Rifle_0050.jpg,.jpg,26325,1
Berdan+Sharps+Rifle/Berdan+Sharps+Rifle_0051.jpg,Berdan+Sharps+Rifle_0051.jpg,.jpg,24362,1
Berdan+Sharps+Rifle/Berdan+Sharps+Rifle_0055.jpg,Berdan+Sharps+Rifle_0055.jpg,.jpg,834306,1
Berdan+Sharps+Rifle/Berdan+Sharps+Rifle_0065.jpg,Berdan+Sharps+Rifle_0065.jpg,.jpg,7717,1
Berdan+Sharps+Rifle/Berdan+Sharps+Rifle_0078.jpg,Berdan+Sharps+Rifle_0078.jpg,.jpg,15085,1
Berdan+Sharps+Rifle/Berdan+Sharps+Rifle_0080.jpg,Berdan+Sharps+Rifle_0080.jpg,.jpg,10544,1
Berdan+Sharps+Rifle/Berdan+Sharps+Rifle_0081.jpg,Berdan+Sharps+Rifle_0081.jpg,.jpg,53898,1
Berdan+Sharps+Rifle/Berdan+Sharps+Rifle_0096.jpg,Berdan+Sharps+Rifle_0096.jpg,.jpg,51651,1
Berdan+Sharps+Rifle/Berdan+Sharps+Rifle_0108.jpg,Berdan+Sharps+Rifle_0108.jpg,.jpg,30994,1
Berdan+Sharps+Rifle/Berdan+Sharps+Rifle_0139.jpg,Berdan+Sharps+Rifle_0139.jpg,.jpg,14755,1
Berdan+Sharps+Rifle/Berdan+Sharps+Rifle_0222.jpg,Berdan+Sharps+Rifle_0222.jpg,.jpg,9018,1
Berdan+Sharps+Rifle/Berdan+Sharps+Rifle_0228.jpg,Berdan+Sharps+Rifle_0228.jpg,.jpg,62362,1
Berdan+Sharps+Rifle/Berdan+Sharps+Rifle_0253.jpg,Berdan+Sharps+Rifle_0253.jpg,.jpg,30085,1
Berdan+Sharps+Rifle/Berdan+Sharps+Rifle_0254.jpg,Berdan+Sharps+Rifle_0254.jpg,.jpg,16164,1
Berdan+Sharps+Rifle/Berdan+Sharps+Rifle_0260.jpg,Berdan+Sharps+Rifle_0260.jpg,.jpg,49598,1
Berdan+Sharps+Rifle/Berdan+Sharps+Rifle_0264.jpg,Berdan+Sharps+Rifle_0264.jpg,.jpg,24901,1
Berdan+Sharps+Rifle/Berdan+Sharps+Rifle_0266.jpg,Berdan+Sharps+Rifle_0266.jpg,.jpg,24739,1
Berdan+Sharps+Rifle/Berdan+Sharps+Rifle_0272.jpg,Berdan+Sharps+Rifle_0272.jpg,.jpg,182271,1
Berdan+Sharps+Rifle/Berdan+Sharps+Rifle_0276.jpg,Berdan+Sharps+Rifle_0276.jpg,.jpg,9581,1
Berdan+Sharps+Rifle/Berdan+Sharps+Rifle_0284.jpg,Berdan+Sharps+Rifle_0284.jpg,.jpg,17356,1
Berdan+Sharps+Rifle/Berdan+Sharps+Rifle_0293.jpg,Berdan+Sharps+Rifle_0293.jpg,.jpg,63352,1
Beretta+M9A1+pistol/Beretta+M9A1+pistol_0000.jpg,Beretta+M9A1+pistol_0000.jpg,.jpg,75803,1
Beretta+M9A1+pistol/Beretta+M9A1+pistol_0001.jpg,Beretta+M9A1+pistol_0001.jpg,.jpg,160063,1
Beretta+M9A1+pistol/Beretta+M9A1+pistol_0005.jpg,Beretta+M9A1+pistol_0005.jpg,.jpg,100016,1
Beretta+M9A1+pistol/Beretta+M9A1+pistol_0006.jpg,Beretta+M9A1+pistol_0006.jpg,.jpg,68534,1
Beretta+M9A1+pistol/Beretta+M9A1+pistol_0007.jpg,Beretta+M9A1+pistol_0007.jpg,.jpg,32048,1
Beretta+M9A1+pistol/Beretta+M9A1+pistol_0008.jpg,Beretta+M9A1+pistol_0008.jpg,.jpg,65172,1
Beretta+M9A1+pistol/Beretta+M9A1+pistol_0010.jpg,Beretta+M9A1+pistol_0010.jpg,.jpg,46926,1
Beretta+M9A1+pistol/Beretta+M9A1+pistol_0012.jpg,Beretta+M9A1+pistol_0012.jpg,.jpg,740074,1
Beretta+M9A1+pistol/Beretta+M9A1+pistol_0014.jpg,Beretta+M9A1+pistol_0014.jpg,.jpg,62112,1
Beretta+M9A1+pistol/Beretta+M9A1+pistol_0015.jpg,Beretta+M9A1+pistol_0015.jpg,.jpg,674442,1
Beretta+M9A1+pistol/Beretta+M9A1+pistol_0016.jpg,Beretta+M9A1+pistol_0016.jpg,.jpg,21740,1
Beretta+M9A1+pistol/Beretta+M9A1+pistol_0021.jpg,Beretta+M9A1+pistol_0021.jpg,.jpg,437140,1
Beretta+M9A1+pistol/Beretta+M9A1+pistol_0022.jpg,Beretta+M9A1+pistol_0022.jpg,.jpg,26393,1
Beretta+M9A1+pistol/Beretta+M9A1+pistol_0023.jpg,Beretta+M9A1+pistol_0023.jpg,.jpg,48494,1
Beretta+M9A1+pistol/Beretta+M9A1+pistol_0024.jpg,Beretta+M9A1+pistol_0024.jpg,.jpg,74191,1
Beretta+M9A1+pistol/Beretta+M9A1+pistol_0025.jpg,Beretta+M9A1+pistol_0025.jpg,.jpg,113570,1
Beretta+M9A1+pistol/Beretta+M9A1+pistol_0027.jpg,Beretta+M9A1+pistol_0027.jpg,.jpg,107186,1
Beretta+M9A1+pistol/Beretta+M9A1+pistol_0028.jpg,Beretta+M9A1+pistol_0028.jpg,.jpg,110445,1
Beretta+M9A1+pistol/Beretta+M9A1+pistol_0029.jpg,Beretta+M9A1+pistol_0029.jpg,.jpg,163857,1
Beretta+M9A1+pistol/Beretta+M9A1+pistol_0031.jpg,Beretta+M9A1+pistol_0031.jpg,.jpg,403447,1
Beretta+M9A1+pistol/Beretta+M9A1+pistol_0032.jpg,Beretta+M9A1+pistol_0032.jpg,.jpg,32185,1
Beretta+M9A1+pistol/Beretta+M9A1+pistol_0033.jpg,Beretta+M9A1+pistol_0033.jpg,.jpg,43326,1
Beretta+M9A1+pistol/Beretta+M9A1+pistol_0040.jpg,Beretta+M9A1+pistol_0040.jpg,.jpg,75815,1
Beretta+M9A1+pistol/Beretta+M9A1+pistol_0042.jpg,Beretta+M9A1+pistol_0042.jpg,.jpg,30198,1
Beretta+M9A1+pistol/Beretta+M9A1+pistol_0043.jpg,Beretta+M9A1+pistol_0043.jpg,.jpg,32115,1
Beretta+M9A1+pistol/Beretta+M9A1+pistol_0044.jpg,Beretta+M9A1+pistol_0044.jpg,.jpg,25056,1
Beretta+M9A1+pistol/Beretta+M9A1+pistol_0045.jpg,Beretta+M9A1+pistol_0045.jpg,.jpg,160016,1
Beretta+M9A1+pistol/Beretta+M9A1+pistol_0047.jpg,Beretta+M9A1+pistol_0047.jpg,.jpg,57534,1
Beretta+M9A1+pistol/Beretta+M9A1+pistol_0048.jpg,Beretta+M9A1+pistol_0048.jpg,.jpg,77893,1
Beretta+M9A1+pistol/Beretta+M9A1+pistol_0052.jpg,Beretta+M9A1+pistol_0052.jpg,.jpg,666986,1
Beretta+M9A1+pistol/Beretta+M9A1+pistol_0054.jpg,Beretta+M9A1+pistol_0054.jpg,.jpg,9631,1
Beretta+M9A1+pistol/Beretta+M9A1+pistol_0055.jpg,Beretta+M9A1+pistol_0055.jpg,.jpg,24114,1
Beretta+M9A1+pistol/Beretta+M9A1+pistol_0056.jpg,Beretta+M9A1+pistol_0056.jpg,.jpg,3439,1
Beretta+M9A1+pistol/Beretta+M9A1+pistol_0058.jpg,Beretta+M9A1+pistol_0058.jpg,.jpg,1145203,1
Beretta+M9A1+pistol/Beretta+M9A1+pistol_0059.jpg,Beretta+M9A1+pistol_0059.jpg,.jpg,160525,1
Beretta+M9A1+pistol/Beretta+M9A1+pistol_0060.jpg,Beretta+M9A1+pistol_0060.jpg,.jpg,1500323,1
Beretta+M9A1+pistol/Beretta+M9A1+pistol_0061.jpg,Beretta+M9A1+pistol_0061.jpg,.jpg,88778,1
Beretta+M9A1+pistol/Beretta+M9A1+pistol_0062.jpg,Beretta+M9A1+pistol_0062.jpg,.jpg,138206,1
Beretta+M9A1+pistol/Beretta+M9A1+pistol_0063.jpg,Beretta+M9A1+pistol_0063.jpg,.jpg,40403,1
Beretta+M9A1+pistol/Beretta+M9A1+pistol_0064.jpg,Beretta+M9A1+pistol_0064.jpg,.jpg,122381,1
Beretta+M9A1+pistol/Beretta+M9A1+pistol_0065.jpg,Beretta+M9A1+pistol_0065.jpg,.jpg,571714,1
Beretta+M9A1+pistol/Beretta+M9A1+pistol_0068.jpg,Beretta+M9A1+pistol_0068.jpg,.jpg,109642,1
Beretta+M9A1+pistol/Beretta+M9A1+pistol_0069.jpg,Beretta+M9A1+pistol_0069.jpg,.jpg,1743536,1
Beretta+M9A1+pistol/Beretta+M9A1+pistol_0070.jpg,Beretta+M9A1+pistol_0070.jpg,.jpg,67523,1
Beretta+M9A1+pistol/Beretta+M9A1+pistol_0071.jpg,Beretta+M9A1+pistol_0071.jpg,.jpg,36130,1
Beretta+M9A1+pistol/Beretta+M9A1+pistol_0072.jpg,Beretta+M9A1+pistol_0072.jpg,.jpg,8262,1
Beretta+M9A1+pistol/Beretta+M9A1+pistol_0074.jpg,Beretta+M9A1+pistol_0074.jpg,.jpg,20507,1
Beretta+M9A1+pistol/Beretta+M9A1+pistol_0075.jpg,Beretta+M9A1+pistol_0075.jpg,.jpg,1125925,1
Beretta+M9A1+pistol/Beretta+M9A1+pistol_0076.jpg,Beretta+M9A1+pistol_0076.jpg,.jpg,18573,1
Beretta+M9A1+pistol/Beretta+M9A1+pistol_0079.jpg,Beretta+M9A1+pistol_0079.jpg,.jpg,29171,1
Beretta+M9A1+pistol/Beretta+M9A1+pistol_0082.jpg,Beretta+M9A1+pistol_0082.jpg,.jpg,957448,1
Beretta+M9A1+pistol/Beretta+M9A1+pistol_0085.jpg,Beretta+M9A1+pistol_0085.jpg,.jpg,92636,1
Beretta+M9A1+pistol/Beretta+M9A1+pistol_0087.jpg,Beretta+M9A1+pistol_0087.jpg,.jpg,50698,1
Beretta+M9A1+pistol/Beretta+M9A1+pistol_0089.jpg,Beretta+M9A1+pistol_0089.jpg,.jpg,70295,1
Beretta+M9A1+pistol/Beretta+M9A1+pistol_0090.jpg,Beretta+M9A1+pistol_0090.jpg,.jpg,232917,1
Beretta+M9A1+pistol/Beretta+M9A1+pistol_0095.jpg,Beretta+M9A1+pistol_0095.jpg,.jpg,439155,1
Beretta+M9A1+pistol/Beretta+M9A1+pistol_0096.jpg,Beretta+M9A1+pistol_0096.jpg,.jpg,422789,1
Beretta+M9A1+pistol/Beretta+M9A1+pistol_0097.jpg,Beretta+M9A1+pistol_0097.jpg,.jpg,86837,1
Beretta+M9A1+pistol/Beretta+M9A1+pistol_0098.jpg,Beretta+M9A1+pistol_0098.jpg,.jpg,3139431,1
Beretta+M9A1+pistol/Beretta+M9A1+pistol_0101.jpg,Beretta+M9A1+pistol_0101.jpg,.jpg,50132,1
Beretta+M9A1+pistol/Beretta+M9A1+pistol_0107.jpg,Beretta+M9A1+pistol_0107.jpg,.jpg,54166,1
Beretta+M9A1+pistol/Beretta+M9A1+pistol_0108.jpg,Beretta+M9A1+pistol_0108.jpg,.jpg,123802,1
Beretta+M9A1+pistol/Beretta+M9A1+pistol_0109.jpg,Beretta+M9A1+pistol_0109.jpg,.jpg,40974,1
Beretta+M9A1+pistol/Beretta+M9A1+pistol_0110.jpg,Beretta+M9A1+pistol_0110.jpg,.jpg,3127028,1
Beretta+M9A1+pistol/Beretta+M9A1+pistol_0111.jpg,Beretta+M9A1+pistol_0111.jpg,.jpg,76253,1
Beretta+M9A1+pistol/Beretta+M9A1+pistol_0115.jpg,Beretta+M9A1+pistol_0115.jpg,.jpg,646785,1
Beretta+M9A1+pistol/Beretta+M9A1+pistol_0120.jpg,Beretta+M9A1+pistol_0120.jpg,.jpg,223562,1
Beretta+M9A1+pistol/Beretta+M9A1+pistol_0123.jpg,Beretta+M9A1+pistol_0123.jpg,.jpg,108342,1
Beretta+M9A1+pistol/Beretta+M9A1+pistol_0125.jpg,Beretta+M9A1+pistol_0125.jpg,.jpg,60684,1
Beretta+M9A1+pistol/Beretta+M9A1+pistol_0126.jpg,Beretta+M9A1+pistol_0126.jpg,.jpg,305686,1
Beretta+M9A1+pistol/Beretta+M9A1+pistol_0127.jpg,Beretta+M9A1+pistol_0127.jpg,.jpg,48254,1
Beretta+M9A1+pistol/Beretta+M9A1+pistol_0128.jpg,Beretta+M9A1+pistol_0128.jpg,.jpg,74454,1
Beretta+M9A1+pistol/Beretta+M9A1+pistol_0129.jpg,Beretta+M9A1+pistol_0129.jpg,.jpg,96121,1
Beretta+M9A1+pistol/Beretta+M9A1+pistol_0130.jpg,Beretta+M9A1+pistol_0130.jpg,.jpg,61738,1
Beretta+M9A1+pistol/Beretta+M9A1+pistol_0132.jpg,Beretta+M9A1+pistol_0132.jpg,.jpg,33749,1
Beretta+M9A1+pistol/Beretta+M9A1+pistol_0135.jpg,Beretta+M9A1+pistol_0135.jpg,.jpg,8969,1
Beretta+M9A1+pistol/Beretta+M9A1+pistol_0138.jpg,Beretta+M9A1+pistol_0138.jpg,.jpg,115298,1
Beretta+M9A1+pistol/Beretta+M9A1+pistol_0140.jpg,Beretta+M9A1+pistol_0140.jpg,.jpg,51508,1
Beretta+M9A1+pistol/Beretta+M9A1+pistol_0141.jpg,Beretta+M9A1+pistol_0141.jpg,.jpg,921643,1
Beretta+M9A1+pistol/Beretta+M9A1+pistol_0142.jpg,Beretta+M9A1+pistol_0142.jpg,.jpg,84087,1
Beretta+M9A1+pistol/Beretta+M9A1+pistol_0146.jpg,Beretta+M9A1+pistol_0146.jpg,.jpg,18711,1
Beretta+M9A1+pistol/Beretta+M9A1+pistol_0150.jpg,Beretta+M9A1+pistol_0150.jpg,.jpg,57518,1
Beretta+M9A1+pistol/Beretta+M9A1+pistol_0151.jpg,Beretta+M9A1+pistol_0151.jpg,.jpg,73823,1
Beretta+M9A1+pistol/Beretta+M9A1+pistol_0152.jpg,Beretta+M9A1+pistol_0152.jpg,.jpg,137293,1
Beretta+M9A1+pistol/Beretta+M9A1+pistol_0154.jpg,Beretta+M9A1+pistol_0154.jpg,.jpg,381831,1
Beretta+M9A1+pistol/Beretta+M9A1+pistol_0160.jpg,Beretta+M9A1+pistol_0160.jpg,.jpg,90191,1
Beretta+M9A1+pistol/Beretta+M9A1+pistol_0162.jpg,Beretta+M9A1+pistol_0162.jpg,.jpg,9098,1
Beretta+M9A1+pistol/Beretta+M9A1+pistol_0163.jpg,Beretta+M9A1+pistol_0163.jpg,.jpg,44165,1
Beretta+M9A1+pistol/Beretta+M9A1+pistol_0166.jpg,Beretta+M9A1+pistol_0166.jpg,.jpg,60026,1
Beretta+M9A1+pistol/Beretta+M9A1+pistol_0170.jpg,Beretta+M9A1+pistol_0170.jpg,.jpg,175758,1
Beretta+M9A1+pistol/Beretta+M9A1+pistol_0171.jpg,Beretta+M9A1+pistol_0171.jpg,.jpg,112852,1
Beretta+M9A1+pistol/Beretta+M9A1+pistol_0173.jpg,Beretta+M9A1+pistol_0173.jpg,.jpg,432129,1
Beretta+M9A1+pistol/Beretta+M9A1+pistol_0174.jpg,Beretta+M9A1+pistol_0174.jpg,.jpg,33817,1
Beretta+M9A1+pistol/Beretta+M9A1+pistol_0175.jpg,Beretta+M9A1+pistol_0175.jpg,.jpg,36467,1
Beretta+M9A1+pistol/Beretta+M9A1+pistol_0179.jpg,Beretta+M9A1+pistol_0179.jpg,.jpg,39118,1
Beretta+M9A1+pistol/Beretta+M9A1+pistol_0180.jpg,Beretta+M9A1+pistol_0180.jpg,.jpg,59364,1
Beretta+M9A1+pistol/Beretta+M9A1+pistol_0181.jpg,Beretta+M9A1+pistol_0181.jpg,.jpg,50899,1
Beretta+M9A1+pistol/Beretta+M9A1+pistol_0183.jpg,Beretta+M9A1+pistol_0183.jpg,.jpg,55443,1
Beretta+M9A1+pistol/Beretta+M9A1+pistol_0184.jpg,Beretta+M9A1+pistol_0184.jpg,.jpg,91155,1
Beretta+M9A1+pistol/Beretta+M9A1+pistol_0185.jpg,Beretta+M9A1+pistol_0185.jpg,.jpg,283975,1
Beretta+M9A1+pistol/Beretta+M9A1+pistol_0186.jpg,Beretta+M9A1+pistol_0186.jpg,.jpg,33270,1
Beretta+M9A1+pistol/Beretta+M9A1+pistol_0187.jpg,Beretta+M9A1+pistol_0187.jpg,.jpg,201031,1
Beretta+M9A1+pistol/Beretta+M9A1+pistol_0189.jpg,Beretta+M9A1+pistol_0189.jpg,.jpg,65842,1
Beretta+M9A1+pistol/Beretta+M9A1+pistol_0190.jpg,Beretta+M9A1+pistol_0190.jpg,.jpg,54348,1
Beretta+M9A1+pistol/Beretta+M9A1+pistol_0194.jpg,Beretta+M9A1+pistol_0194.jpg,.jpg,8029,1
Beretta+M9A1+pistol/Beretta+M9A1+pistol_0198.jpg,Beretta+M9A1+pistol_0198.jpg,.jpg,61665,1
Beretta+M9A1+pistol/Beretta+M9A1+pistol_0199.jpg,Beretta+M9A1+pistol_0199.jpg,.jpg,76988,1
Beretta+M9A1+pistol/Beretta+M9A1+pistol_0200.jpg,Beretta+M9A1+pistol_0200.jpg,.jpg,338264,1
Beretta+M9A1+pistol/Beretta+M9A1+pistol_0202.jpg,Beretta+M9A1+pistol_0202.jpg,.jpg,53959,1
Beretta+M9A1+pistol/Beretta+M9A1+pistol_0204.jpg,Beretta+M9A1+pistol_0204.jpg,.jpg,91028,1
Beretta+M9A1+pistol/Beretta+M9A1+pistol_0205.jpg,Beretta+M9A1+pistol_0205.jpg,.jpg,101347,1
Beretta+M9A1+pistol/Beretta+M9A1+pistol_0207.jpg,Beretta+M9A1+pistol_0207.jpg,.jpg,77041,1
Beretta+M9A1+pistol/Beretta+M9A1+pistol_0208.jpg,Beretta+M9A1+pistol_0208.jpg,.jpg,91518,1
Beretta+M9A1+pistol/Beretta+M9A1+pistol_0212.jpg,Beretta+M9A1+pistol_0212.jpg,.jpg,86798,1
Beretta+M9A1+pistol/Beretta+M9A1+pistol_0213.jpg,Beretta+M9A1+pistol_0213.jpg,.jpg,69787,1
Beretta+M9A1+pistol/Beretta+M9A1+pistol_0214.jpg,Beretta+M9A1+pistol_0214.jpg,.jpg,103729,1
Beretta+M9A1+pistol/Beretta+M9A1+pistol_0215.jpg,Beretta+M9A1+pistol_0215.jpg,.jpg,42920,1
Beretta+M9A1+pistol/Beretta+M9A1+pistol_0216.jpg,Beretta+M9A1+pistol_0216.jpg,.jpg,160528,1
Beretta+M9A1+pistol/Beretta+M9A1+pistol_0220.jpg,Beretta+M9A1+pistol_0220.jpg,.jpg,63263,1
Beretta+M9A1+pistol/Beretta+M9A1+pistol_0223.jpg,Beretta+M9A1+pistol_0223.jpg,.jpg,110705,1
Beretta+M9A1+pistol/Beretta+M9A1+pistol_0226.jpg,Beretta+M9A1+pistol_0226.jpg,.jpg,1232672,1
Beretta+M9A1+pistol/Beretta+M9A1+pistol_0227.jpg,Beretta+M9A1+pistol_0227.jpg,.jpg,51954,1
Beretta+M9A1+pistol/Beretta+M9A1+pistol_0229.jpg,Beretta+M9A1+pistol_0229.jpg,.jpg,32086,1
Beretta+M9A1+pistol/Beretta+M9A1+pistol_0230.jpg,Beretta+M9A1+pistol_0230.jpg,.jpg,109709,1
Beretta+M9A1+pistol/Beretta+M9A1+pistol_0231.jpg,Beretta+M9A1+pistol_0231.jpg,.jpg,159263,1
Beretta+M9A1+pistol/Beretta+M9A1+pistol_0232.jpg,Beretta+M9A1+pistol_0232.jpg,.jpg,40651,1
Beretta+M9A1+pistol/Beretta+M9A1+pistol_0233.jpg,Beretta+M9A1+pistol_0233.jpg,.jpg,412113,1
Beretta+M9A1+pistol/Beretta+M9A1+pistol_0235.jpg,Beretta+M9A1+pistol_0235.jpg,.jpg,73342,1
Beretta+M9A1+pistol/Beretta+M9A1+pistol_0236.jpg,Beretta+M9A1+pistol_0236.jpg,.jpg,333587,1
Beretta+M9A1+pistol/Beretta+M9A1+pistol_0237.jpg,Beretta+M9A1+pistol_0237.jpg,.jpg,114399,1
Beretta+M9A1+pistol/Beretta+M9A1+pistol_0240.jpg,Beretta+M9A1+pistol_0240.jpg,.jpg,67442,1
Beretta+M9A1+pistol/Beretta+M9A1+pistol_0241.jpg,Beretta+M9A1+pistol_0241.jpg,.jpg,83413,1
Beretta+M9A1+pistol/Beretta+M9A1+pistol_0243.jpg,Beretta+M9A1+pistol_0243.jpg,.jpg,109173,1
Beretta+M9A1+pistol/Beretta+M9A1+pistol_0247.jpg,Beretta+M9A1+pistol_0247.jpg,.jpg,962819,1
Beretta+M9A1+pistol/Beretta+M9A1+pistol_0249.jpg,Beretta+M9A1+pistol_0249.jpg,.jpg,259901,1
Beretta+M9A1+pistol/Beretta+M9A1+pistol_0250.jpg,Beretta+M9A1+pistol_0250.jpg,.jpg,112815,1
Beretta+M9A1+pistol/Beretta+M9A1+pistol_0254.jpg,Beretta+M9A1+pistol_0254.jpg,.jpg,49544,1
Beretta+M9A1+pistol/Beretta+M9A1+pistol_0255.jpg,Beretta+M9A1+pistol_0255.jpg,.jpg,31429,1
Beretta+M9A1+pistol/Beretta+M9A1+pistol_0256.jpg,Beretta+M9A1+pistol_0256.jpg,.jpg,574017,1
Beretta+M9A1+pistol/Beretta+M9A1+pistol_0258.jpg,Beretta+M9A1+pistol_0258.jpg,.jpg,117982,1
Beretta+M9A1+pistol/Beretta+M9A1+pistol_0259.jpg,Beretta+M9A1+pistol_0259.jpg,.jpg,21599,1
Beretta+M9A1+pistol/Beretta+M9A1+pistol_0262.jpg,Beretta+M9A1+pistol_0262.jpg,.jpg,230015,1
Beretta+M9A1+pistol/Beretta+M9A1+pistol_0266.jpg,Beretta+M9A1+pistol_0266.jpg,.jpg,162544,1
Beretta+M9A1+pistol/Beretta+M9A1+pistol_0270.jpg,Beretta+M9A1+pistol_0270.jpg,.jpg,94097,1
Beretta+M9A1+pistol/Beretta+M9A1+pistol_0271.jpg,Beretta+M9A1+pistol_0271.jpg,.jpg,33527,1
Beretta+M9A1+pistol/Beretta+M9A1+pistol_0272.jpg,Beretta+M9A1+pistol_0272.jpg,.jpg,129757,1
Beretta+M9A1+pistol/Beretta+M9A1+pistol_0275.jpg,Beretta+M9A1+pistol_0275.jpg,.jpg,20970,1
Beretta+M9A1+pistol/Beretta+M9A1+pistol_0276.jpg,Beretta+M9A1+pistol_0276.jpg,.jpg,36914,1
Beretta+M9A1+pistol/Beretta+M9A1+pistol_0278.jpg,Beretta+M9A1+pistol_0278.jpg,.jpg,33886,1
Beretta+M9A1+pistol/Beretta+M9A1+pistol_0280.jpg,Beretta+M9A1+pistol_0280.jpg,.jpg,7262,1
Beretta+M9A1+pistol/Beretta+M9A1+pistol_0281.jpg,Beretta+M9A1+pistol_0281.jpg,.jpg,65610,1
Beretta+M9A1+pistol/Beretta+M9A1+pistol_0282.jpg,Beretta+M9A1+pistol_0282.jpg,.jpg,119464,1
Beretta+M9A1+pistol/Beretta+M9A1+pistol_0285.jpg,Beretta+M9A1+pistol_0285.jpg,.jpg,103775,1
Beretta+M9A1+pistol/Beretta+M9A1+pistol_0288.jpg,Beretta+M9A1+pistol_0288.jpg,.jpg,79076,1
Beretta+M9A1+pistol/Beretta+M9A1+pistol_0289.jpg,Beretta+M9A1+pistol_0289.jpg,.jpg,165713,1
Beretta+M9A1+pistol/Beretta+M9A1+pistol_0292.jpg,Beretta+M9A1+pistol_0292.jpg,.jpg,33250,1
Beretta+M9A1+pistol/Beretta+M9A1+pistol_0294.jpg,Beretta+M9A1+pistol_0294.jpg,.jpg,82813,1
Beretta+M9A1+pistol/Beretta+M9A1+pistol_0297.jpg,Beretta+M9A1+pistol_0297.jpg,.jpg,232801,1
Beretta+M9A1+pistol/Beretta+M9A1+pistol_0300.jpg,Beretta+M9A1+pistol_0300.jpg,.jpg,13380,1
Beretta+M9A1+pistol/Beretta+M9A1+pistol_0307.jpg,Beretta+M9A1+pistol_0307.jpg,.jpg,73841,1
Beretta+M9A1+pistol/Beretta+M9A1+pistol_0309.jpg,Beretta+M9A1+pistol_0309.jpg,.jpg,64974,1
Beretta+M9A1+pistol/Beretta+M9A1+pistol_0311.jpg,Beretta+M9A1+pistol_0311.jpg,.jpg,85934,1
Beretta+M9A1+pistol/Beretta+M9A1+pistol_0312.jpg,Beretta+M9A1+pistol_0312.jpg,.jpg,79237,1
Beretta+M9A1+pistol/Beretta+M9A1+pistol_0315.jpg,Beretta+M9A1+pistol_0315.jpg,.jpg,139880,1
Beretta+M9A1+pistol/Beretta+M9A1+pistol_0318.jpg,Beretta+M9A1+pistol_0318.jpg,.jpg,40985,1
Beretta+M9A1+pistol/Beretta+M9A1+pistol_0319.jpg,Beretta+M9A1+pistol_0319.jpg,.jpg,89047,1
Beretta+M9A1+pistol/Beretta+M9A1+pistol_0320.jpg,Beretta+M9A1+pistol_0320.jpg,.jpg,451706,1
Beretta+M9A1+pistol/Beretta+M9A1+pistol_0321.jpg,Beretta+M9A1+pistol_0321.jpg,.jpg,60645,1
Beretta+M9A1+pistol/Beretta+M9A1+pistol_0323.jpg,Beretta+M9A1+pistol_0323.jpg,.jpg,11124,1
Beretta+M9A1+pistol/Beretta+M9A1+pistol_0324.jpg,Beretta+M9A1+pistol_0324.jpg,.jpg,1841725,1
Beretta+M9A1+pistol/Beretta+M9A1+pistol_0325.jpg,Beretta+M9A1+pistol_0325.jpg,.jpg,135859,1
Beretta+M9A1+pistol/Beretta+M9A1+pistol_0326.jpg,Beretta+M9A1+pistol_0326.jpg,.jpg,69783,1
Beretta+M9A1+pistol/Beretta+M9A1+pistol_0329.jpg,Beretta+M9A1+pistol_0329.jpg,.jpg,23164,1
Beretta+M9A1+pistol/Beretta+M9A1+pistol_0330.jpg,Beretta+M9A1+pistol_0330.jpg,.jpg,52880,1
Beretta+M9A1+pistol/Beretta+M9A1+pistol_0331.jpg,Beretta+M9A1+pistol_0331.jpg,.jpg,99835,1
Beretta+M9A1+pistol/Beretta+M9A1+pistol_0332.jpg,Beretta+M9A1+pistol_0332.jpg,.jpg,98394,1
Beretta+M9A1+pistol/Beretta+M9A1+pistol_0335.jpg,Beretta+M9A1+pistol_0335.jpg,.jpg,43462,1
Beretta+M9A1+pistol/Beretta+M9A1+pistol_0338.jpg,Beretta+M9A1+pistol_0338.jpg,.jpg,77268,1
Beretta+M9A1+pistol/Beretta+M9A1+pistol_0339.jpg,Beretta+M9A1+pistol_0339.jpg,.jpg,70548,1
Beretta+M9A1+pistol/Beretta+M9A1+pistol_0340.jpg,Beretta+M9A1+pistol_0340.jpg,.jpg,102555,1
Beretta+M9A1+pistol/Beretta+M9A1+pistol_0341.jpg,Beretta+M9A1+pistol_0341.jpg,.jpg,200730,1
Beretta+M9A1+pistol/Beretta+M9A1+pistol_0343.jpg,Beretta+M9A1+pistol_0343.jpg,.jpg,282784,1
Beretta+M9A1+pistol/Beretta+M9A1+pistol_0346.jpg,Beretta+M9A1+pistol_0346.jpg,.jpg,84368,1
Beretta+M9A1+pistol/Beretta+M9A1+pistol_0349.jpg,Beretta+M9A1+pistol_0349.jpg,.jpg,72637,1
Beretta+M9A1+pistol/Beretta+M9A1+pistol_0352.jpg,Beretta+M9A1+pistol_0352.jpg,.jpg,41804,1
Beretta+M9A1+pistol/Beretta+M9A1+pistol_0353.jpg,Beretta+M9A1+pistol_0353.jpg,.jpg,75271,1
Beretta+M9A1+pistol/Beretta+M9A1+pistol_0354.jpg,Beretta+M9A1+pistol_0354.jpg,.jpg,32503,1
Beretta+M9A1+pistol/Beretta+M9A1+pistol_0358.jpg,Beretta+M9A1+pistol_0358.jpg,.jpg,58547,1
Beretta+M9A1+pistol/Beretta+M9A1+pistol_0362.jpg,Beretta+M9A1+pistol_0362.jpg,.jpg,321995,1
Beretta+M9A1+pistol/Beretta+M9A1+pistol_0364.jpg,Beretta+M9A1+pistol_0364.jpg,.jpg,737556,1
Beretta+M9A1+pistol/Beretta+M9A1+pistol_0365.jpg,Beretta+M9A1+pistol_0365.jpg,.jpg,43320,1
Beretta+M9A1+pistol/Beretta+M9A1+pistol_0367.jpg,Beretta+M9A1+pistol_0367.jpg,.jpg,36145,1
Beretta+M9A1+pistol/Beretta+M9A1+pistol_0368.jpg,Beretta+M9A1+pistol_0368.jpg,.jpg,132320,1
Beretta+M9A1+pistol/Beretta+M9A1+pistol_0369.jpg,Beretta+M9A1+pistol_0369.jpg,.jpg,1083652,1
Brown+Bess+musket/Brown+Bess+musket_0001.jpg,Brown+Bess+musket_0001.jpg,.jpg,1131715,1
Brown+Bess+musket/Brown+Bess+musket_0004.jpg,Brown+Bess+musket_0004.jpg,.jpg,28109,1
Brown+Bess+musket/Brown+Bess+musket_0006.jpg,Brown+Bess+musket_0006.jpg,.jpg,28801,1
Brown+Bess+musket/Brown+Bess+musket_0007.jpg,Brown+Bess+musket_0007.jpg,.jpg,121918,1
Brown+Bess+musket/Brown+Bess+musket_0009.jpg,Brown+Bess+musket_0009.jpg,.jpg,25085,1
Brown+Bess+musket/Brown+Bess+musket_0011.jpg,Brown+Bess+musket_0011.jpg,.jpg,32185,1
Brown+Bess+musket/Brown+Bess+musket_0014.jpg,Brown+Bess+musket_0014.jpg,.jpg,140239,1
Brown+Bess+musket/Brown+Bess+musket_0019.jpg,Brown+Bess+musket_0019.jpg,.jpg,40357,1
Brown+Bess+musket/Brown+Bess+musket_0021.jpg,Brown+Bess+musket_0021.jpg,.jpg,60830,1
Brown+Bess+musket/Brown+Bess+musket_0025.jpg,Brown+Bess+musket_0025.jpg,.jpg,19868,1
Brown+Bess+musket/Brown+Bess+musket_0028.jpg,Brown+Bess+musket_0028.jpg,.jpg,34061,1
Brown+Bess+musket/Brown+Bess+musket_0033.jpg,Brown+Bess+musket_0033.jpg,.jpg,44245,1
Brown+Bess+musket/Brown+Bess+musket_0034.jpg,Brown+Bess+musket_0034.jpg,.jpg,45971,1
Brown+Bess+musket/Brown+Bess+musket_0037.jpg,Brown+Bess+musket_0037.jpg,.jpg,27848,1
Brown+Bess+musket/Brown+Bess+musket_0042.jpg,Brown+Bess+musket_0042.jpg,.jpg,22100,1
Brown+Bess+musket/Brown+Bess+musket_0044.jpg,Brown+Bess+musket_0044.jpg,.jpg,23185,1
Brown+Bess+musket/Brown+Bess+musket_0049.jpg,Brown+Bess+musket_0049.jpg,.jpg,58768,1
Brown+Bess+musket/Brown+Bess+musket_0050.jpg,Brown+Bess+musket_0050.jpg,.jpg,33981,1
Brown+Bess+musket/Brown+Bess+musket_0056.jpg,Brown+Bess+musket_0056.jpg,.jpg,676513,1
Brown+Bess+musket/Brown+Bess+musket_0060.jpg,Brown+Bess+musket_0060.jpg,.jpg,74781,1
Brown+Bess+musket/Brown+Bess+musket_0071.jpg,Brown+Bess+musket_0071.jpg,.jpg,44194,1
Brown+Bess+musket/Brown+Bess+musket_0076.jpg,Brown+Bess+musket_0076.jpg,.jpg,47132,1
Brown+Bess+musket/Brown+Bess+musket_0077.jpg,Brown+Bess+musket_0077.jpg,.jpg,28885,1
Brown+Bess+musket/Brown+Bess+musket_0078.jpg,Brown+Bess+musket_0078.jpg,.jpg,19078,1
Brown+Bess+musket/Brown+Bess+musket_0079.jpg,Brown+Bess+musket_0079.jpg,.jpg,16876,1
Brown+Bess+musket/Brown+Bess+musket_0084.jpg,Brown+Bess+musket_0084.jpg,.jpg,30632,1
Brown+Bess+musket/Brown+Bess+musket_0091.jpg,Brown+Bess+musket_0091.jpg,.jpg,109253,1
Brown+Bess+musket/Brown+Bess+musket_0100.jpg,Brown+Bess+musket_0100.jpg,.jpg,128598,1
Brown+Bess+musket/Brown+Bess+musket_0101.jpg,Brown+Bess+musket_0101.jpg,.jpg,39937,1
Brown+Bess+musket/Brown+Bess+musket_0102.jpg,Brown+Bess+musket_0102.jpg,.jpg,120576,1
Brown+Bess+musket/Brown+Bess+musket_0105.jpg,Brown+Bess+musket_0105.jpg,.jpg,28348,1
Brown+Bess+musket/Brown+Bess+musket_0117.jpg,Brown+Bess+musket_0117.jpg,.jpg,37986,1
Brown+Bess+musket/Brown+Bess+musket_0118.jpg,Brown+Bess+musket_0118.jpg,.jpg,35803,1
Brown+Bess+musket/Brown+Bess+musket_0122.jpg,Brown+Bess+musket_0122.jpg,.jpg,2868,1
Brown+Bess+musket/Brown+Bess+musket_0127.jpg,Brown+Bess+musket_0127.jpg,.jpg,38237,1
Brown+Bess+musket/Brown+Bess+musket_0129.jpg,Brown+Bess+musket_0129.jpg,.jpg,16313,1
Brown+Bess+musket/Brown+Bess+musket_0133.jpg,Brown+Bess+musket_0133.jpg,.jpg,36161,1
Brown+Bess+musket/Brown+Bess+musket_0134.jpg,Brown+Bess+musket_0134.jpg,.jpg,3482,1
Brown+Bess+musket/Brown+Bess+musket_0136.jpg,Brown+Bess+musket_0136.jpg,.jpg,58751,1
Brown+Bess+musket/Brown+Bess+musket_0143.jpg,Brown+Bess+musket_0143.jpg,.jpg,4798,1
Brown+Bess+musket/Brown+Bess+musket_0144.jpg,Brown+Bess+musket_0144.jpg,.jpg,103242,1
Brown+Bess+musket/Brown+Bess+musket_0145.jpg,Brown+Bess+musket_0145.jpg,.jpg,13200,1
Brown+Bess+musket/Brown+Bess+musket_0151.jpg,Brown+Bess+musket_0151.jpg,.jpg,44507,1
Brown+Bess+musket/Brown+Bess+musket_0154.jpg,Brown+Bess+musket_0154.jpg,.jpg,45931,1
Brown+Bess+musket/Brown+Bess+musket_0157.jpg,Brown+Bess+musket_0157.jpg,.jpg,10790,1
Brown+Bess+musket/Brown+Bess+musket_0162.jpg,Brown+Bess+musket_0162.jpg,.jpg,75360,1
Brown+Bess+musket/Brown+Bess+musket_0163.jpg,Brown+Bess+musket_0163.jpg,.jpg,23750,1
Brown+Bess+musket/Brown+Bess+musket_0166.jpg,Brown+Bess+musket_0166.jpg,.jpg,41020,1
Brown+Bess+musket/Brown+Bess+musket_0169.jpg,Brown+Bess+musket_0169.jpg,.jpg,40297,1
Brown+Bess+musket/Brown+Bess+musket_0173.jpg,Brown+Bess+musket_0173.jpg,.jpg,23290,1
Brown+Bess+musket/Brown+Bess+musket_0177.jpg,Brown+Bess+musket_0177.jpg,.jpg,282122,1
Brown+Bess+musket/Brown+Bess+musket_0179.jpg,Brown+Bess+musket_0179.jpg,.jpg,44893,1
Brown+Bess+musket/Brown+Bess+musket_0180.jpg,Brown+Bess+musket_0180.jpg,.jpg,115126,1
Brown+Bess+musket/Brown+Bess+musket_0182.jpg,Brown+Bess+musket_0182.jpg,.jpg,811068,1
Brown+Bess+musket/Brown+Bess+musket_0183.jpg,Brown+Bess+musket_0183.jpg,.jpg,16763,1
Brown+Bess+musket/Brown+Bess+musket_0186.jpg,Brown+Bess+musket_0186.jpg,.jpg,16743,1
Brown+Bess+musket/Brown+Bess+musket_0195.jpg,Brown+Bess+musket_0195.jpg,.jpg,263396,1
Brown+Bess+musket/Brown+Bess+musket_0204.jpg,Brown+Bess+musket_0204.jpg,.jpg,35563,1
Brown+Bess+musket/Brown+Bess+musket_0208.jpg,Brown+Bess+musket_0208.jpg,.jpg,8125,1
Brown+Bess+musket/Brown+Bess+musket_0214.jpg,Brown+Bess+musket_0214.jpg,.jpg,42887,1
Brown+Bess+musket/Brown+Bess+musket_0220.jpg,Brown+Bess+musket_0220.jpg,.jpg,70814,1
Brown+Bess+musket/Brown+Bess+musket_0221.jpg,Brown+Bess+musket_0221.jpg,.jpg,575322,1
Brown+Bess+musket/Brown+Bess+musket_0225.jpg,Brown+Bess+musket_0225.jpg,.jpg,1114757,1
Brown+Bess+musket/Brown+Bess+musket_0235.jpg,Brown+Bess+musket_0235.jpg,.jpg,9198,1
Brown+Bess+musket/Brown+Bess+musket_0240.jpg,Brown+Bess+musket_0240.jpg,.jpg,165839,1
Brown+Bess+musket/Brown+Bess+musket_0247.jpg,Brown+Bess+musket_0247.jpg,.jpg,24570,1
Brown+Bess+musket/Brown+Bess+musket_0248.jpg,Brown+Bess+musket_0248.jpg,.jpg,7064,1
Brown+Bess+musket/Brown+Bess+musket_0250.jpg,Brown+Bess+musket_0250.jpg,.jpg,39575,1
Brown+Bess+musket/Brown+Bess+musket_0253.jpg,Brown+Bess+musket_0253.jpg,.jpg,108350,1
Brown+Bess+musket/Brown+Bess+musket_0254.jpg,Brown+Bess+musket_0254.jpg,.jpg,124642,1
Brown+Bess+musket/Brown+Bess+musket_0271.jpg,Brown+Bess+musket_0271.jpg,.jpg,29981,1
Brown+Bess+musket/Brown+Bess+musket_0273.jpg,Brown+Bess+musket_0273.jpg,.jpg,95806,1
Brown+Bess+musket/Brown+Bess+musket_0278.jpg,Brown+Bess+musket_0278.jpg,.jpg,53093,1
Brown+Bess+musket/Brown+Bess+musket_0286.jpg,Brown+Bess+musket_0286.jpg,.jpg,1932,1
Brown+Bess+musket/Brown+Bess+musket_0295.jpg,Brown+Bess+musket_0295.jpg,.jpg,634623,1
Brown+Bess+musket/Brown+Bess+musket_0306.jpg,Brown+Bess+musket_0306.jpg,.jpg,23085,1
Brown+Bess+musket/Brown+Bess+musket_0310.jpg,Brown+Bess+musket_0310.jpg,.jpg,318034,1
Brown+Bess+musket/Brown+Bess+musket_0313.jpg,Brown+Bess+musket_0313.jpg,.jpg,56368,1
Brown+Bess+musket/Brown+Bess+musket_0314.jpg,Brown+Bess+musket_0314.jpg,.jpg,641155,1
Brown+Bess+musket/Brown+Bess+musket_0317.jpg,Brown+Bess+musket_0317.jpg,.jpg,28452,1
Brown+Bess+musket/Brown+Bess+musket_0326.jpg,Brown+Bess+musket_0326.jpg,.jpg,50183,1
Brown+Bess+musket/Brown+Bess+musket_0327.jpg,Brown+Bess+musket_0327.jpg,.jpg,50859,1
Brown+Bess+musket/Brown+Bess+musket_0329.jpg,Brown+Bess+musket_0329.jpg,.jpg,46770,1
Brown+Bess+musket/Brown+Bess+musket_0338.jpg,Brown+Bess+musket_0338.jpg,.jpg,20637,1
Brown+Bess+musket/Brown+Bess+musket_0340.jpg,Brown+Bess+musket_0340.jpg,.jpg,427763,1
Brown+Bess+musket/Brown+Bess+musket_0350.jpg,Brown+Bess+musket_0350.jpg,.jpg,64899,1
Brown+Bess+musket/Brown+Bess+musket_0351.jpg,Brown+Bess+musket_0351.jpg,.jpg,90661,1
Brown+Bess+musket/Brown+Bess+musket_0362.jpg,Brown+Bess+musket_0362.jpg,.jpg,29417,1
Brown+Bess+musket/Brown+Bess+musket_0371.jpg,Brown+Bess+musket_0371.jpg,.jpg,12607,1
Brown+Bess+musket/Brown+Bess+musket_0392.jpg,Brown+Bess+musket_0392.jpg,.jpg,944581,1
Brown+Bess+musket/Brown+Bess+musket_0404.jpg,Brown+Bess+musket_0404.jpg,.jpg,24512,1
Brown+Bess+musket/Brown+Bess+musket_0413.jpg,Brown+Bess+musket_0413.jpg,.jpg,36027,1
Brown+Bess+musket/Brown+Bess+musket_0427.jpg,Brown+Bess+musket_0427.jpg,.jpg,189898,1
Brown+Bess+musket/Brown+Bess+musket_0432.jpg,Brown+Bess+musket_0432.jpg,.jpg,43277,1
Brown+Bess+musket/Brown+Bess+musket_0441.jpg,Brown+Bess+musket_0441.jpg,.jpg,132786,1
Brown+Bess+musket/Brown+Bess+musket_0443.jpg,Brown+Bess+musket_0443.jpg,.jpg,85296,1
Brown+Bess+musket/Brown+Bess+musket_0453.jpg,Brown+Bess+musket_0453.jpg,.jpg,8407,1
Brown+Bess+musket/Brown+Bess+musket_0455.jpg,Brown+Bess+musket_0455.jpg,.jpg,15852,1
Brown+Bess+musket/Brown+Bess+musket_0460.jpg,Brown+Bess+musket_0460.jpg,.jpg,10852,1
Brown+Bess+musket/Brown+Bess+musket_0479.jpg,Brown+Bess+musket_0479.jpg,.jpg,159202,1
Brown+Bess+musket/Brown+Bess+musket_0487.jpg,Brown+Bess+musket_0487.jpg,.jpg,206298,1
Brown+Bess+musket/Brown+Bess+musket_0494.jpg,Brown+Bess+musket_0494.jpg,.jpg,167108,1
Brown+Bess+musket/Brown+Bess+musket_0500.jpg,Brown+Bess+musket_0500.jpg,.jpg,27056,1
Brown+Bess+musket/Brown+Bess+musket_0505.jpg,Brown+Bess+musket_0505.jpg,.jpg,2217885,1
Brown+Bess+musket/Brown+Bess+musket_0512.jpg,Brown+Bess+musket_0512.jpg,.jpg,43607,1
Brown+Bess+musket/Brown+Bess+musket_0514.jpg,Brown+Bess+musket_0514.jpg,.jpg,32390,1
Brown+Bess+musket/Brown+Bess+musket_0515.jpg,Brown+Bess+musket_0515.jpg,.jpg,821572,1
Brown+Bess+musket/Brown+Bess+musket_0518.jpg,Brown+Bess+musket_0518.jpg,.jpg,846679,1
Brown+Bess+musket/Brown+Bess+musket_0524.jpg,Brown+Bess+musket_0524.jpg,.jpg,482492,1
Brown+Bess+musket/Brown+Bess+musket_0525.jpg,Brown+Bess+musket_0525.jpg,.jpg,72083,1
Brown+Bess+musket/Brown+Bess+musket_0526.jpg,Brown+Bess+musket_0526.jpg,.jpg,47792,1
Brown+Bess+musket/Brown+Bess+musket_0528.jpg,Brown+Bess+musket_0528.jpg,.jpg,21276,1
Brown+Bess+musket/Brown+Bess+musket_0531.jpg,Brown+Bess+musket_0531.jpg,.jpg,65694,1
Brown+Bess+musket/Brown+Bess+musket_0532.jpg,Brown+Bess+musket_0532.jpg,.jpg,22040,1
Brown+Bess+musket/Brown+Bess+musket_0534.jpg,Brown+Bess+musket_0534.jpg,.jpg,104942,1
Brown+Bess+musket/Brown+Bess+musket_0536.jpg,Brown+Bess+musket_0536.jpg,.jpg,31270,1
Brown+Bess+musket/Brown+Bess+musket_0542.jpg,Brown+Bess+musket_0542.jpg,.jpg,49848,1
Brown+Bess+musket/Brown+Bess+musket_0544.jpg,Brown+Bess+musket_0544.jpg,.jpg,73840,1
Brown+Bess+musket/Brown+Bess+musket_0550.jpg,Brown+Bess+musket_0550.jpg,.jpg,104913,1
Brown+Bess+musket/Brown+Bess+musket_0551.jpg,Brown+Bess+musket_0551.jpg,.jpg,21064,1
Brown+Bess+musket/Brown+Bess+musket_0552.jpg,Brown+Bess+musket_0552.jpg,.jpg,16276,1
Brown+Bess+musket/Brown+Bess+musket_0553.jpg,Brown+Bess+musket_0553.jpg,.jpg,37668,1
Browning+BT-99+Shotgun/Browning+BT-99+Shotgun_0000.jpg,Browning+BT-99+Shotgun_0000.jpg,.jpg,15915,1
Browning+BT-99+Shotgun/Browning+BT-99+Shotgun_0001.jpg,Browning+BT-99+Shotgun_0001.jpg,.jpg,300896,1
Browning+BT-99+Shotgun/Browning+BT-99+Shotgun_0011.jpg,Browning+BT-99+Shotgun_0011.jpg,.jpg,64682,1
Browning+BT-99+Shotgun/Browning+BT-99+Shotgun_0014.jpg,Browning+BT-99+Shotgun_0014.jpg,.jpg,73865,1
Browning+BT-99+Shotgun/Browning+BT-99+Shotgun_0016.jpg,Browning+BT-99+Shotgun_0016.jpg,.jpg,1924074,1
Browning+BT-99+Shotgun/Browning+BT-99+Shotgun_0017.jpg,Browning+BT-99+Shotgun_0017.jpg,.jpg,66262,1
Browning+BT-99+Shotgun/Browning+BT-99+Shotgun_0023.jpg,Browning+BT-99+Shotgun_0023.jpg,.jpg,43595,1
Browning+BT-99+Shotgun/Browning+BT-99+Shotgun_0027.jpg,Browning+BT-99+Shotgun_0027.jpg,.jpg,81220,1
Browning+BT-99+Shotgun/Browning+BT-99+Shotgun_0051.jpg,Browning+BT-99+Shotgun_0051.jpg,.jpg,40792,1
Browning+BT-99+Shotgun/Browning+BT-99+Shotgun_0053.jpg,Browning+BT-99+Shotgun_0053.jpg,.jpg,65931,1
Browning+BT-99+Shotgun/Browning+BT-99+Shotgun_0056.jpg,Browning+BT-99+Shotgun_0056.jpg,.jpg,303294,1
Browning+BT-99+Shotgun/Browning+BT-99+Shotgun_0069.jpg,Browning+BT-99+Shotgun_0069.jpg,.jpg,31230,1
Browning+BT-99+Shotgun/Browning+BT-99+Shotgun_0077.jpg,Browning+BT-99+Shotgun_0077.jpg,.jpg,37128,1
Browning+BT-99+Shotgun/Browning+BT-99+Shotgun_0102.jpg,Browning+BT-99+Shotgun_0102.jpg,.jpg,44887,1
Browning+BT-99+Shotgun/Browning+BT-99+Shotgun_0113.jpg,Browning+BT-99+Shotgun_0113.jpg,.jpg,26347,1
Browning+BT-99+Shotgun/Browning+BT-99+Shotgun_0133.jpg,Browning+BT-99+Shotgun_0133.jpg,.jpg,2838526,1
Browning+BT-99+Shotgun/Browning+BT-99+Shotgun_0145.jpg,Browning+BT-99+Shotgun_0145.jpg,.jpg,727691,1
Browning+BT-99+Shotgun/Browning+BT-99+Shotgun_0164.jpg,Browning+BT-99+Shotgun_0164.jpg,.jpg,38166,1
Browning+BT-99+Shotgun/Browning+BT-99+Shotgun_0175.jpg,Browning+BT-99+Shotgun_0175.jpg,.jpg,80873,1
Browning+BT-99+Shotgun/Browning+BT-99+Shotgun_0176.jpg,Browning+BT-99+Shotgun_0176.jpg,.jpg,26824,1
Browning+BT-99+Shotgun/Browning+BT-99+Shotgun_0178.jpg,Browning+BT-99+Shotgun_0178.jpg,.jpg,44818,1
Browning+BT-99+Shotgun/Browning+BT-99+Shotgun_0180.jpg,Browning+BT-99+Shotgun_0180.jpg,.jpg,238427,1
Browning+BT-99+Shotgun/Browning+BT-99+Shotgun_0186.jpg,Browning+BT-99+Shotgun_0186.jpg,.jpg,24571,1
Browning+BT-99+Shotgun/Browning+BT-99+Shotgun_0218.jpg,Browning+BT-99+Shotgun_0218.jpg,.jpg,245583,1
Browning+BT-99+Shotgun/Browning+BT-99+Shotgun_0223.jpg,Browning+BT-99+Shotgun_0223.jpg,.jpg,29060,1
Browning+BT-99+Shotgun/Browning+BT-99+Shotgun_0224.jpg,Browning+BT-99+Shotgun_0224.jpg,.jpg,2551304,1
Browning+BT-99+Shotgun/Browning+BT-99+Shotgun_0228.jpg,Browning+BT-99+Shotgun_0228.jpg,.jpg,33322,1
Browning+BT-99+Shotgun/Browning+BT-99+Shotgun_0238.jpg,Browning+BT-99+Shotgun_0238.jpg,.jpg,47353,1
Browning+BT-99+Shotgun/Browning+BT-99+Shotgun_0256.jpg,Browning+BT-99+Shotgun_0256.jpg,.jpg,86777,1
Browning+BT-99+Shotgun/Browning+BT-99+Shotgun_0261.jpg,Browning+BT-99+Shotgun_0261.jpg,.jpg,21531,1
Browning+BT-99+Shotgun/Browning+BT-99+Shotgun_0262.jpg,Browning+BT-99+Shotgun_0262.jpg,.jpg,19787,1
Browning+BT-99+Shotgun/Browning+BT-99+Shotgun_0270.jpg,Browning+BT-99+Shotgun_0270.jpg,.jpg,15816,1
Browning+BT-99+Shotgun/Browning+BT-99+Shotgun_0305.jpg,Browning+BT-99+Shotgun_0305.jpg,.jpg,52247,1
Browning+BT-99+Shotgun/Browning+BT-99+Shotgun_0306.jpg,Browning+BT-99+Shotgun_0306.jpg,.jpg,32946,1
Browning+BT-99+Shotgun/Browning+BT-99+Shotgun_0314.jpg,Browning+BT-99+Shotgun_0314.jpg,.jpg,28458,1
Browning+BT-99+Shotgun/Browning+BT-99+Shotgun_0315.jpg,Browning+BT-99+Shotgun_0315.jpg,.jpg,51043,1
Browning+BT-99+Shotgun/Browning+BT-99+Shotgun_0317.jpg,Browning+BT-99+Shotgun_0317.jpg,.jpg,62730,1
Browning+BT-99+Shotgun/Browning+BT-99+Shotgun_0326.jpg,Browning+BT-99+Shotgun_0326.jpg,.jpg,16041,1
Browning+BT-99+Shotgun/Browning+BT-99+Shotgun_0331.jpg,Browning+BT-99+Shotgun_0331.jpg,.jpg,611169,1
Browning+BT-99+Shotgun/Browning+BT-99+Shotgun_0337.jpg,Browning+BT-99+Shotgun_0337.jpg,.jpg,11721,1
Browning+BT-99+Shotgun/Browning+BT-99+Shotgun_0346.jpg,Browning+BT-99+Shotgun_0346.jpg,.jpg,17076,1
Browning+BT-99+Shotgun/Browning+BT-99+Shotgun_0349.jpg,Browning+BT-99+Shotgun_0349.jpg,.jpg,235130,1
Browning+BT-99+Shotgun/Browning+BT-99+Shotgun_0350.jpg,Browning+BT-99+Shotgun_0350.jpg,.jpg,27571,1
Browning+BT-99+Shotgun/Browning+BT-99+Shotgun_0358.jpg,Browning+BT-99+Shotgun_0358.jpg,.jpg,42208,1
Browning+BT-99+Shotgun/Browning+BT-99+Shotgun_0361.jpg,Browning+BT-99+Shotgun_0361.jpg,.jpg,22258,1
Browning+BT-99+Shotgun/Browning+BT-99+Shotgun_0362.jpg,Browning+BT-99+Shotgun_0362.jpg,.jpg,2111328,1
Browning+BT-99+Shotgun/Browning+BT-99+Shotgun_0364.jpg,Browning+BT-99+Shotgun_0364.jpg,.jpg,2177834,1
Browning+Hi-Power+Mark+III+pistol/Browning+Hi-Power+Mark+III+pistol_0000.jpg,Browning+Hi-Power+Mark+III+pistol_0000.jpg,.jpg,7602901,1
Browning+Hi-Power+Mark+III+pistol/Browning+Hi-Power+Mark+III+pistol_0001.jpg,Browning+Hi-Power+Mark+III+pistol_0001.jpg,.jpg,106436,1
Browning+Hi-Power+Mark+III+pistol/Browning+Hi-Power+Mark+III+pistol_0004.jpg,Browning+Hi-Power+Mark+III+pistol_0004.jpg,.jpg,46809,1
Browning+Hi-Power+Mark+III+pistol/Browning+Hi-Power+Mark+III+pistol_0005.jpg,Browning+Hi-Power+Mark+III+pistol_0005.jpg,.jpg,53676,1
Browning+Hi-Power+Mark+III+pistol/Browning+Hi-Power+Mark+III+pistol_0006.jpg,Browning+Hi-Power+Mark+III+pistol_0006.jpg,.jpg,38935,1
Browning+Hi-Power+Mark+III+pistol/Browning+Hi-Power+Mark+III+pistol_0009.jpg,Browning+Hi-Power+Mark+III+pistol_0009.jpg,.jpg,102524,1
Browning+Hi-Power+Mark+III+pistol/Browning+Hi-Power+Mark+III+pistol_0027.jpg,Browning+Hi-Power+Mark+III+pistol_0027.jpg,.jpg,30558,1
Browning+Hi-Power+Mark+III+pistol/Browning+Hi-Power+Mark+III+pistol_0034.jpg,Browning+Hi-Power+Mark+III+pistol_0034.jpg,.jpg,362682,1
Browning+Hi-Power+Mark+III+pistol/Browning+Hi-Power+Mark+III+pistol_0035.jpg,Browning+Hi-Power+Mark+III+pistol_0035.jpg,.jpg,41470,1
Browning+Hi-Power+Mark+III+pistol/Browning+Hi-Power+Mark+III+pistol_0036.jpg,Browning+Hi-Power+Mark+III+pistol_0036.jpg,.jpg,445878,1
Browning+Hi-Power+Mark+III+pistol/Browning+Hi-Power+Mark+III+pistol_0038.jpg,Browning+Hi-Power+Mark+III+pistol_0038.jpg,.jpg,469081,1
Browning+Hi-Power+Mark+III+pistol/Browning+Hi-Power+Mark+III+pistol_0040.jpg,Browning+Hi-Power+Mark+III+pistol_0040.jpg,.jpg,7881,1
Browning+Hi-Power+Mark+III+pistol/Browning+Hi-Power+Mark+III+pistol_0043.jpg,Browning+Hi-Power+Mark+III+pistol_0043.jpg,.jpg,367772,1
Browning+Hi-Power+Mark+III+pistol/Browning+Hi-Power+Mark+III+pistol_0044.jpg,Browning+Hi-Power+Mark+III+pistol_0044.jpg,.jpg,245632,1
Browning+Hi-Power+Mark+III+pistol/Browning+Hi-Power+Mark+III+pistol_0046.jpg,Browning+Hi-Power+Mark+III+pistol_0046.jpg,.jpg,375860,1
Browning+Hi-Power+Mark+III+pistol/Browning+Hi-Power+Mark+III+pistol_0048.jpg,Browning+Hi-Power+Mark+III+pistol_0048.jpg,.jpg,474983,1
Browning+Hi-Power+Mark+III+pistol/Browning+Hi-Power+Mark+III+pistol_0054.jpg,Browning+Hi-Power+Mark+III+pistol_0054.jpg,.jpg,38036,1
Browning+Hi-Power+Mark+III+pistol/Browning+Hi-Power+Mark+III+pistol_0055.jpg,Browning+Hi-Power+Mark+III+pistol_0055.jpg,.jpg,229037,1
Browning+Hi-Power+Mark+III+pistol/Browning+Hi-Power+Mark+III+pistol_0062.jpg,Browning+Hi-Power+Mark+III+pistol_0062.jpg,.jpg,157557,1
Browning+Hi-Power+Mark+III+pistol/Browning+Hi-Power+Mark+III+pistol_0063.jpg,Browning+Hi-Power+Mark+III+pistol_0063.jpg,.jpg,86962,1
Browning+Hi-Power+Mark+III+pistol/Browning+Hi-Power+Mark+III+pistol_0066.jpg,Browning+Hi-Power+Mark+III+pistol_0066.jpg,.jpg,238626,1
Browning+Hi-Power+Mark+III+pistol/Browning+Hi-Power+Mark+III+pistol_0067.jpg,Browning+Hi-Power+Mark+III+pistol_0067.jpg,.jpg,110079,1
Browning+Hi-Power+Mark+III+pistol/Browning+Hi-Power+Mark+III+pistol_0076.jpg,Browning+Hi-Power+Mark+III+pistol_0076.jpg,.jpg,42959,1
Browning+Hi-Power+Mark+III+pistol/Browning+Hi-Power+Mark+III+pistol_0077.jpg,Browning+Hi-Power+Mark+III+pistol_0077.jpg,.jpg,18748,1
Browning+Hi-Power+Mark+III+pistol/Browning+Hi-Power+Mark+III+pistol_0085.jpg,Browning+Hi-Power+Mark+III+pistol_0085.jpg,.jpg,259870,1
Browning+Hi-Power+Mark+III+pistol/Browning+Hi-Power+Mark+III+pistol_0090.jpg,Browning+Hi-Power+Mark+III+pistol_0090.jpg,.jpg,46795,1
Browning+Hi-Power+Mark+III+pistol/Browning+Hi-Power+Mark+III+pistol_0093.jpg,Browning+Hi-Power+Mark+III+pistol_0093.jpg,.jpg,87539,1
Browning+Hi-Power+Mark+III+pistol/Browning+Hi-Power+Mark+III+pistol_0094.jpg,Browning+Hi-Power+Mark+III+pistol_0094.jpg,.jpg,86288,1
Browning+Hi-Power+Mark+III+pistol/Browning+Hi-Power+Mark+III+pistol_0097.jpg,Browning+Hi-Power+Mark+III+pistol_0097.jpg,.jpg,317112,1
Browning+Hi-Power+Mark+III+pistol/Browning+Hi-Power+Mark+III+pistol_0098.jpg,Browning+Hi-Power+Mark+III+pistol_0098.jpg,.jpg,58020,1
Browning+Hi-Power+Mark+III+pistol/Browning+Hi-Power+Mark+III+pistol_0103.jpg,Browning+Hi-Power+Mark+III+pistol_0103.jpg,.jpg,444735,1
Browning+Hi-Power+Mark+III+pistol/Browning+Hi-Power+Mark+III+pistol_0106.jpg,Browning+Hi-Power+Mark+III+pistol_0106.jpg,.jpg,231105,1
Browning+Hi-Power+Mark+III+pistol/Browning+Hi-Power+Mark+III+pistol_0109.jpg,Browning+Hi-Power+Mark+III+pistol_0109.jpg,.jpg,57613,1
Browning+Hi-Power+Mark+III+pistol/Browning+Hi-Power+Mark+III+pistol_0113.jpg,Browning+Hi-Power+Mark+III+pistol_0113.jpg,.jpg,110915,1
Browning+Hi-Power+Mark+III+pistol/Browning+Hi-Power+Mark+III+pistol_0123.jpg,Browning+Hi-Power+Mark+III+pistol_0123.jpg,.jpg,73460,1
Browning+Hi-Power+Mark+III+pistol/Browning+Hi-Power+Mark+III+pistol_0129.jpg,Browning+Hi-Power+Mark+III+pistol_0129.jpg,.jpg,84346,1
Browning+Hi-Power+Mark+III+pistol/Browning+Hi-Power+Mark+III+pistol_0131.jpg,Browning+Hi-Power+Mark+III+pistol_0131.jpg,.jpg,554371,1
Browning+Hi-Power+Mark+III+pistol/Browning+Hi-Power+Mark+III+pistol_0133.jpg,Browning+Hi-Power+Mark+III+pistol_0133.jpg,.jpg,61446,1
Browning+Hi-Power+Mark+III+pistol/Browning+Hi-Power+Mark+III+pistol_0137.jpg,Browning+Hi-Power+Mark+III+pistol_0137.jpg,.jpg,66718,1
Browning+Hi-Power+Mark+III+pistol/Browning+Hi-Power+Mark+III+pistol_0139.jpg,Browning+Hi-Power+Mark+III+pistol_0139.jpg,.jpg,413278,1
Browning+Hi-Power+Mark+III+pistol/Browning+Hi-Power+Mark+III+pistol_0140.jpg,Browning+Hi-Power+Mark+III+pistol_0140.jpg,.jpg,223971,1
Browning+Hi-Power+Mark+III+pistol/Browning+Hi-Power+Mark+III+pistol_0151.jpg,Browning+Hi-Power+Mark+III+pistol_0151.jpg,.jpg,64597,1
Browning+Hi-Power+Mark+III+pistol/Browning+Hi-Power+Mark+III+pistol_0153.jpg,Browning+Hi-Power+Mark+III+pistol_0153.jpg,.jpg,475133,1
Browning+Hi-Power+Mark+III+pistol/Browning+Hi-Power+Mark+III+pistol_0159.jpg,Browning+Hi-Power+Mark+III+pistol_0159.jpg,.jpg,113425,1
Browning+Hi-Power+Mark+III+pistol/Browning+Hi-Power+Mark+III+pistol_0161.jpg,Browning+Hi-Power+Mark+III+pistol_0161.jpg,.jpg,39852,1
Browning+Hi-Power+Mark+III+pistol/Browning+Hi-Power+Mark+III+pistol_0162.jpg,Browning+Hi-Power+Mark+III+pistol_0162.jpg,.jpg,36709,1
Browning+Hi-Power+Mark+III+pistol/Browning+Hi-Power+Mark+III+pistol_0168.jpg,Browning+Hi-Power+Mark+III+pistol_0168.jpg,.jpg,54829,1
Browning+Hi-Power+Mark+III+pistol/Browning+Hi-Power+Mark+III+pistol_0173.jpg,Browning+Hi-Power+Mark+III+pistol_0173.jpg,.jpg,38772,1
Browning+Hi-Power+Mark+III+pistol/Browning+Hi-Power+Mark+III+pistol_0180.jpg,Browning+Hi-Power+Mark+III+pistol_0180.jpg,.jpg,28655,1
Browning+Hi-Power+Mark+III+pistol/Browning+Hi-Power+Mark+III+pistol_0184.jpg,Browning+Hi-Power+Mark+III+pistol_0184.jpg,.jpg,506164,1
Browning+Hi-Power+Mark+III+pistol/Browning+Hi-Power+Mark+III+pistol_0188.jpg,Browning+Hi-Power+Mark+III+pistol_0188.jpg,.jpg,128990,1
Browning+Hi-Power+Mark+III+pistol/Browning+Hi-Power+Mark+III+pistol_0191.jpg,Browning+Hi-Power+Mark+III+pistol_0191.jpg,.jpg,97856,1
Browning+Hi-Power+Mark+III+pistol/Browning+Hi-Power+Mark+III+pistol_0195.jpg,Browning+Hi-Power+Mark+III+pistol_0195.jpg,.jpg,179128,1
Browning+Hi-Power+Mark+III+pistol/Browning+Hi-Power+Mark+III+pistol_0197.jpg,Browning+Hi-Power+Mark+III+pistol_0197.jpg,.jpg,460981,1
Browning+Hi-Power+Mark+III+pistol/Browning+Hi-Power+Mark+III+pistol_0206.jpg,Browning+Hi-Power+Mark+III+pistol_0206.jpg,.jpg,310029,1
Browning+Hi-Power+Mark+III+pistol/Browning+Hi-Power+Mark+III+pistol_0212.jpg,Browning+Hi-Power+Mark+III+pistol_0212.jpg,.jpg,62077,1
Browning+Hi-Power+Mark+III+pistol/Browning+Hi-Power+Mark+III+pistol_0216.jpg,Browning+Hi-Power+Mark+III+pistol_0216.jpg,.jpg,24268,1
Browning+Hi-Power+Mark+III+pistol/Browning+Hi-Power+Mark+III+pistol_0217.jpg,Browning+Hi-Power+Mark+III+pistol_0217.jpg,.jpg,19146,1
Browning+Hi-Power+Mark+III+pistol/Browning+Hi-Power+Mark+III+pistol_0219.jpg,Browning+Hi-Power+Mark+III+pistol_0219.jpg,.jpg,280725,1
Browning+Hi-Power+Mark+III+pistol/Browning+Hi-Power+Mark+III+pistol_0226.jpg,Browning+Hi-Power+Mark+III+pistol_0226.jpg,.jpg,58482,1
Browning+Hi-Power+Mark+III+pistol/Browning+Hi-Power+Mark+III+pistol_0228.jpg,Browning+Hi-Power+Mark+III+pistol_0228.jpg,.jpg,83745,1
Browning+Hi-Power+Mark+III+pistol/Browning+Hi-Power+Mark+III+pistol_0236.jpg,Browning+Hi-Power+Mark+III+pistol_0236.jpg,.jpg,152002,1
Browning+Hi-Power+Mark+III+pistol/Browning+Hi-Power+Mark+III+pistol_0237.jpg,Browning+Hi-Power+Mark+III+pistol_0237.jpg,.jpg,13754,1
Browning+Hi-Power+Mark+III+pistol/Browning+Hi-Power+Mark+III+pistol_0238.jpg,Browning+Hi-Power+Mark+III+pistol_0238.jpg,.jpg,68840,1
Browning+Hi-Power+Mark+III+pistol/Browning+Hi-Power+Mark+III+pistol_0239.jpg,Browning+Hi-Power+Mark+III+pistol_0239.jpg,.jpg,14699,1
Browning+Hi-Power+Mark+III+pistol/Browning+Hi-Power+Mark+III+pistol_0292.jpg,Browning+Hi-Power+Mark+III+pistol_0292.jpg,.jpg,100130,1
Browning+Hi-Power+Mark+III+pistol/Browning+Hi-Power+Mark+III+pistol_0302.jpg,Browning+Hi-Power+Mark+III+pistol_0302.jpg,.jpg,38929,1
Browning+Hi-Power+Mark+III+pistol/Browning+Hi-Power+Mark+III+pistol_0308.jpg,Browning+Hi-Power+Mark+III+pistol_0308.jpg,.jpg,60606,1
Browning+Hi-Power+Mark+III+pistol/Browning+Hi-Power+Mark+III+pistol_0319.jpg,Browning+Hi-Power+Mark+III+pistol_0319.jpg,.jpg,7366549,1
Browning+Hi-Power+Mark+III+pistol/Browning+Hi-Power+Mark+III+pistol_0320.jpg,Browning+Hi-Power+Mark+III+pistol_0320.jpg,.jpg,212818,1
Browning+Hi-Power+Mark+III+pistol/Browning+Hi-Power+Mark+III+pistol_0321.jpg,Browning+Hi-Power+Mark+III+pistol_0321.jpg,.jpg,29468,1
Browning+Hi-Power+Mark+III+pistol/Browning+Hi-Power+Mark+III+pistol_0322.jpg,Browning+Hi-Power+Mark+III+pistol_0322.jpg,.jpg,75635,1
Browning+Hi-Power+Mark+III+pistol/Browning+Hi-Power+Mark+III+pistol_0323.jpg,Browning+Hi-Power+Mark+III+pistol_0323.jpg,.jpg,375065,1
Browning+Hi-Power+Mark+III+pistol/Browning+Hi-Power+Mark+III+pistol_0336.jpg,Browning+Hi-Power+Mark+III+pistol_0336.jpg,.jpg,55815,1
Browning+Hi-Power+Mark+III+pistol/Browning+Hi-Power+Mark+III+pistol_0339.jpg,Browning+Hi-Power+Mark+III+pistol_0339.jpg,.jpg,40318,1
Browning+Hi-Power+Mark+III+pistol/Browning+Hi-Power+Mark+III+pistol_0340.jpg,Browning+Hi-Power+Mark+III+pistol_0340.jpg,.jpg,398228,1
Browning+Hi-Power+Mark+III+pistol/Browning+Hi-Power+Mark+III+pistol_0341.jpg,Browning+Hi-Power+Mark+III+pistol_0341.jpg,.jpg,47940,1
Browning+Hi-Power+Mark+III+pistol/Browning+Hi-Power+Mark+III+pistol_0342.jpg,Browning+Hi-Power+Mark+III+pistol_0342.jpg,.jpg,28287,1
Browning+Hi-Power+Mark+III+pistol/Browning+Hi-Power+Mark+III+pistol_0344.jpg,Browning+Hi-Power+Mark+III+pistol_0344.jpg,.jpg,182090,1
Browning+Hi-Power+Mark+III+pistol/Browning+Hi-Power+Mark+III+pistol_0351.jpg,Browning+Hi-Power+Mark+III+pistol_0351.jpg,.jpg,170792,1
Browning+Hi-Power+Mark+III+pistol/Browning+Hi-Power+Mark+III+pistol_0357.jpg,Browning+Hi-Power+Mark+III+pistol_0357.jpg,.jpg,162021,1
Browning+Hi-Power+Mark+III+pistol/Browning+Hi-Power+Mark+III+pistol_0361.jpg,Browning+Hi-Power+Mark+III+pistol_0361.jpg,.jpg,40884,1
Browning+Hi-Power+Mark+III+pistol/Browning+Hi-Power+Mark+III+pistol_0362.jpg,Browning+Hi-Power+Mark+III+pistol_0362.jpg,.jpg,82374,1
Browning+Hi-Power+Mark+III+pistol/Browning+Hi-Power+Mark+III+pistol_0364.jpg,Browning+Hi-Power+Mark+III+pistol_0364.jpg,.jpg,42296,1
Browning+Hi-Power+Mark+III+pistol/Browning+Hi-Power+Mark+III+pistol_0369.jpg,Browning+Hi-Power+Mark+III+pistol_0369.jpg,.jpg,88496,1
Browning+Hi-Power+Mark+III+pistol/Browning+Hi-Power+Mark+III+pistol_0373.jpg,Browning+Hi-Power+Mark+III+pistol_0373.jpg,.jpg,89991,1
Browning+Hi-Power+Mark+III+pistol/Browning+Hi-Power+Mark+III+pistol_0375.jpg,Browning+Hi-Power+Mark+III+pistol_0375.jpg,.jpg,63513,1
Browning+Hi-Power+Mark+III+pistol/Browning+Hi-Power+Mark+III+pistol_0380.jpg,Browning+Hi-Power+Mark+III+pistol_0380.jpg,.jpg,273120,1
Browning+Hi-Power+Mark+III+pistol/Browning+Hi-Power+Mark+III+pistol_0383.jpg,Browning+Hi-Power+Mark+III+pistol_0383.jpg,.jpg,161185,1
COLT+WOODSMAN+pistol/COLT+WOODSMAN+pistol_0000.jpg,COLT+WOODSMAN+pistol_0000.jpg,.jpg,60958,1
COLT+WOODSMAN+pistol/COLT+WOODSMAN+pistol_0001.jpg,COLT+WOODSMAN+pistol_0001.jpg,.jpg,1584156,1
COLT+WOODSMAN+pistol/COLT+WOODSMAN+pistol_0004.jpg,COLT+WOODSMAN+pistol_0004.jpg,.jpg,416248,1
COLT+WOODSMAN+pistol/COLT+WOODSMAN+pistol_0006.jpg,COLT+WOODSMAN+pistol_0006.jpg,.jpg,55057,1
COLT+WOODSMAN+pistol/COLT+WOODSMAN+pistol_0009.jpg,COLT+WOODSMAN+pistol_0009.jpg,.jpg,97990,1
COLT+WOODSMAN+pistol/COLT+WOODSMAN+pistol_0011.jpg,COLT+WOODSMAN+pistol_0011.jpg,.jpg,307856,1
COLT+WOODSMAN+pistol/COLT+WOODSMAN+pistol_0012.jpg,COLT+WOODSMAN+pistol_0012.jpg,.jpg,74578,1
COLT+WOODSMAN+pistol/COLT+WOODSMAN+pistol_0016.jpg,COLT+WOODSMAN+pistol_0016.jpg,.jpg,321669,1
COLT+WOODSMAN+pistol/COLT+WOODSMAN+pistol_0019.jpg,COLT+WOODSMAN+pistol_0019.jpg,.jpg,121464,1
COLT+WOODSMAN+pistol/COLT+WOODSMAN+pistol_0021.jpg,COLT+WOODSMAN+pistol_0021.jpg,.jpg,316610,1
COLT+WOODSMAN+pistol/COLT+WOODSMAN+pistol_0024.jpg,COLT+WOODSMAN+pistol_0024.jpg,.jpg,687710,1
COLT+WOODSMAN+pistol/COLT+WOODSMAN+pistol_0027.jpg,COLT+WOODSMAN+pistol_0027.jpg,.jpg,34893,1
COLT+WOODSMAN+pistol/COLT+WOODSMAN+pistol_0028.jpg,COLT+WOODSMAN+pistol_0028.jpg,.jpg,68766,1
COLT+WOODSMAN+pistol/COLT+WOODSMAN+pistol_0029.jpg,COLT+WOODSMAN+pistol_0029.jpg,.jpg,58441,1
COLT+WOODSMAN+pistol/COLT+WOODSMAN+pistol_0031.jpg,COLT+WOODSMAN+pistol_0031.jpg,.jpg,756772,1
COLT+WOODSMAN+pistol/COLT+WOODSMAN+pistol_0045.jpg,COLT+WOODSMAN+pistol_0045.jpg,.jpg,60826,1
COLT+WOODSMAN+pistol/COLT+WOODSMAN+pistol_0052.jpg,COLT+WOODSMAN+pistol_0052.jpg,.jpg,33826,1
COLT+WOODSMAN+pistol/COLT+WOODSMAN+pistol_0053.jpg,COLT+WOODSMAN+pistol_0053.jpg,.jpg,608480,1
COLT+WOODSMAN+pistol/COLT+WOODSMAN+pistol_0054.jpg,COLT+WOODSMAN+pistol_0054.jpg,.jpg,319539,1
COLT+WOODSMAN+pistol/COLT+WOODSMAN+pistol_0056.jpg,COLT+WOODSMAN+pistol_0056.jpg,.jpg,54954,1
COLT+WOODSMAN+pistol/COLT+WOODSMAN+pistol_0057.jpg,COLT+WOODSMAN+pistol_0057.jpg,.jpg,79217,1
COLT+WOODSMAN+pistol/COLT+WOODSMAN+pistol_0060.jpg,COLT+WOODSMAN+pistol_0060.jpg,.jpg,56181,1
COLT+WOODSMAN+pistol/COLT+WOODSMAN+pistol_0062.jpg,COLT+WOODSMAN+pistol_0062.jpg,.jpg,315455,1
COLT+WOODSMAN+pistol/COLT+WOODSMAN+pistol_0064.jpg,COLT+WOODSMAN+pistol_0064.jpg,.jpg,60152,1
COLT+WOODSMAN+pistol/COLT+WOODSMAN+pistol_0065.jpg,COLT+WOODSMAN+pistol_0065.jpg,.jpg,14596,1
COLT+WOODSMAN+pistol/COLT+WOODSMAN+pistol_0068.jpg,COLT+WOODSMAN+pistol_0068.jpg,.jpg,60399,1
COLT+WOODSMAN+pistol/COLT+WOODSMAN+pistol_0069.jpg,COLT+WOODSMAN+pistol_0069.jpg,.jpg,132235,1
COLT+WOODSMAN+pistol/COLT+WOODSMAN+pistol_0072.jpg,COLT+WOODSMAN+pistol_0072.jpg,.jpg,103478,1
COLT+WOODSMAN+pistol/COLT+WOODSMAN+pistol_0073.jpg,COLT+WOODSMAN+pistol_0073.jpg,.jpg,425991,1
COLT+WOODSMAN+pistol/COLT+WOODSMAN+pistol_0078.jpg,COLT+WOODSMAN+pistol_0078.jpg,.jpg,57182,1
COLT+WOODSMAN+pistol/COLT+WOODSMAN+pistol_0079.jpg,COLT+WOODSMAN+pistol_0079.jpg,.jpg,1975212,1
COLT+WOODSMAN+pistol/COLT+WOODSMAN+pistol_0080.jpg,COLT+WOODSMAN+pistol_0080.jpg,.jpg,72019,1
COLT+WOODSMAN+pistol/COLT+WOODSMAN+pistol_0083.jpg,COLT+WOODSMAN+pistol_0083.jpg,.jpg,157489,1
COLT+WOODSMAN+pistol/COLT+WOODSMAN+pistol_0089.jpg,COLT+WOODSMAN+pistol_0089.jpg,.jpg,12814,1
COLT+WOODSMAN+pistol/COLT+WOODSMAN+pistol_0091.jpg,COLT+WOODSMAN+pistol_0091.jpg,.jpg,46574,1
COLT+WOODSMAN+pistol/COLT+WOODSMAN+pistol_0092.jpg,COLT+WOODSMAN+pistol_0092.jpg,.jpg,2112529,1
COLT+WOODSMAN+pistol/COLT+WOODSMAN+pistol_0093.jpg,COLT+WOODSMAN+pistol_0093.jpg,.jpg,520614,1
COLT+WOODSMAN+pistol/COLT+WOODSMAN+pistol_0095.jpg,COLT+WOODSMAN+pistol_0095.jpg,.jpg,37001,1
COLT+WOODSMAN+pistol/COLT+WOODSMAN+pistol_0098.jpg,COLT+WOODSMAN+pistol_0098.jpg,.jpg,50415,1
COLT+WOODSMAN+pistol/COLT+WOODSMAN+pistol_0100.jpg,COLT+WOODSMAN+pistol_0100.jpg,.jpg,86361,1
COLT+WOODSMAN+pistol/COLT+WOODSMAN+pistol_0101.jpg,COLT+WOODSMAN+pistol_0101.jpg,.jpg,76664,1
COLT+WOODSMAN+pistol/COLT+WOODSMAN+pistol_0107.jpg,COLT+WOODSMAN+pistol_0107.jpg,.jpg,7181,1
COLT+WOODSMAN+pistol/COLT+WOODSMAN+pistol_0108.jpg,COLT+WOODSMAN+pistol_0108.jpg,.jpg,155232,1
COLT+WOODSMAN+pistol/COLT+WOODSMAN+pistol_0109.jpg,COLT+WOODSMAN+pistol_0109.jpg,.jpg,363701,1
COLT+WOODSMAN+pistol/COLT+WOODSMAN+pistol_0111.jpg,COLT+WOODSMAN+pistol_0111.jpg,.jpg,39027,1
COLT+WOODSMAN+pistol/COLT+WOODSMAN+pistol_0116.jpg,COLT+WOODSMAN+pistol_0116.jpg,.jpg,39559,1
COLT+WOODSMAN+pistol/COLT+WOODSMAN+pistol_0121.jpg,COLT+WOODSMAN+pistol_0121.jpg,.jpg,341010,1
COLT+WOODSMAN+pistol/COLT+WOODSMAN+pistol_0124.jpg,COLT+WOODSMAN+pistol_0124.jpg,.jpg,78402,1
COLT+WOODSMAN+pistol/COLT+WOODSMAN+pistol_0129.jpg,COLT+WOODSMAN+pistol_0129.jpg,.jpg,153996,1
COLT+WOODSMAN+pistol/COLT+WOODSMAN+pistol_0131.jpg,COLT+WOODSMAN+pistol_0131.jpg,.jpg,40793,1
COLT+WOODSMAN+pistol/COLT+WOODSMAN+pistol_0137.jpg,COLT+WOODSMAN+pistol_0137.jpg,.jpg,93899,1
COLT+WOODSMAN+pistol/COLT+WOODSMAN+pistol_0142.jpg,COLT+WOODSMAN+pistol_0142.jpg,.jpg,53150,1
COLT+WOODSMAN+pistol/COLT+WOODSMAN+pistol_0143.jpg,COLT+WOODSMAN+pistol_0143.jpg,.jpg,21681,1
COLT+WOODSMAN+pistol/COLT+WOODSMAN+pistol_0147.jpg,COLT+WOODSMAN+pistol_0147.jpg,.jpg,185098,1
COLT+WOODSMAN+pistol/COLT+WOODSMAN+pistol_0148.jpg,COLT+WOODSMAN+pistol_0148.jpg,.jpg,133819,1
COLT+WOODSMAN+pistol/COLT+WOODSMAN+pistol_0152.jpg,COLT+WOODSMAN+pistol_0152.jpg,.jpg,62453,1
COLT+WOODSMAN+pistol/COLT+WOODSMAN+pistol_0154.jpg,COLT+WOODSMAN+pistol_0154.jpg,.jpg,22115,1
COLT+WOODSMAN+pistol/COLT+WOODSMAN+pistol_0157.jpg,COLT+WOODSMAN+pistol_0157.jpg,.jpg,369309,1
COLT+WOODSMAN+pistol/COLT+WOODSMAN+pistol_0158.jpg,COLT+WOODSMAN+pistol_0158.jpg,.jpg,97804,1
COLT+WOODSMAN+pistol/COLT+WOODSMAN+pistol_0159.jpg,COLT+WOODSMAN+pistol_0159.jpg,.jpg,22618,1
COLT+WOODSMAN+pistol/COLT+WOODSMAN+pistol_0160.jpg,COLT+WOODSMAN+pistol_0160.jpg,.jpg,104408,1
COLT+WOODSMAN+pistol/COLT+WOODSMAN+pistol_0163.jpg,COLT+WOODSMAN+pistol_0163.jpg,.jpg,46246,1
COLT+WOODSMAN+pistol/COLT+WOODSMAN+pistol_0166.jpg,COLT+WOODSMAN+pistol_0166.jpg,.jpg,62923,1
COLT+WOODSMAN+pistol/COLT+WOODSMAN+pistol_0167.jpg,COLT+WOODSMAN+pistol_0167.jpg,.jpg,294845,1
COLT+WOODSMAN+pistol/COLT+WOODSMAN+pistol_0169.jpg,COLT+WOODSMAN+pistol_0169.jpg,.jpg,10916,1
COLT+WOODSMAN+pistol/COLT+WOODSMAN+pistol_0173.jpg,COLT+WOODSMAN+pistol_0173.jpg,.jpg,30054,1
COLT+WOODSMAN+pistol/COLT+WOODSMAN+pistol_0176.jpg,COLT+WOODSMAN+pistol_0176.jpg,.jpg,26802,1
COLT+WOODSMAN+pistol/COLT+WOODSMAN+pistol_0177.jpg,COLT+WOODSMAN+pistol_0177.jpg,.jpg,49614,1
COLT+WOODSMAN+pistol/COLT+WOODSMAN+pistol_0178.jpg,COLT+WOODSMAN+pistol_0178.jpg,.jpg,121727,1
COLT+WOODSMAN+pistol/COLT+WOODSMAN+pistol_0181.jpg,COLT+WOODSMAN+pistol_0181.jpg,.jpg,91626,1
COLT+WOODSMAN+pistol/COLT+WOODSMAN+pistol_0182.jpg,COLT+WOODSMAN+pistol_0182.jpg,.jpg,179215,1
COLT+WOODSMAN+pistol/COLT+WOODSMAN+pistol_0183.jpg,COLT+WOODSMAN+pistol_0183.jpg,.jpg,299460,1
COLT+WOODSMAN+pistol/COLT+WOODSMAN+pistol_0185.jpg,COLT+WOODSMAN+pistol_0185.jpg,.jpg,60931,1
COLT+WOODSMAN+pistol/COLT+WOODSMAN+pistol_0188.jpg,COLT+WOODSMAN+pistol_0188.jpg,.jpg,12316,1
COLT+WOODSMAN+pistol/COLT+WOODSMAN+pistol_0190.jpg,COLT+WOODSMAN+pistol_0190.jpg,.jpg,15186,1
COLT+WOODSMAN+pistol/COLT+WOODSMAN+pistol_0195.jpg,COLT+WOODSMAN+pistol_0195.jpg,.jpg,106135,1
COLT+WOODSMAN+pistol/COLT+WOODSMAN+pistol_0197.jpg,COLT+WOODSMAN+pistol_0197.jpg,.jpg,112956,1
COLT+WOODSMAN+pistol/COLT+WOODSMAN+pistol_0198.jpg,COLT+WOODSMAN+pistol_0198.jpg,.jpg,117279,1
COLT+WOODSMAN+pistol/COLT+WOODSMAN+pistol_0202.jpg,COLT+WOODSMAN+pistol_0202.jpg,.jpg,486636,1
COLT+WOODSMAN+pistol/COLT+WOODSMAN+pistol_0205.jpg,COLT+WOODSMAN+pistol_0205.jpg,.jpg,107782,1
COLT+WOODSMAN+pistol/COLT+WOODSMAN+pistol_0207.jpg,COLT+WOODSMAN+pistol_0207.jpg,.jpg,29127,1
COLT+WOODSMAN+pistol/COLT+WOODSMAN+pistol_0208.jpg,COLT+WOODSMAN+pistol_0208.jpg,.jpg,1703327,1
COLT+WOODSMAN+pistol/COLT+WOODSMAN+pistol_0215.jpg,COLT+WOODSMAN+pistol_0215.jpg,.jpg,234044,1
COLT+WOODSMAN+pistol/COLT+WOODSMAN+pistol_0216.jpg,COLT+WOODSMAN+pistol_0216.jpg,.jpg,21759,1
COLT+WOODSMAN+pistol/COLT+WOODSMAN+pistol_0218.jpg,COLT+WOODSMAN+pistol_0218.jpg,.jpg,103560,1
COLT+WOODSMAN+pistol/COLT+WOODSMAN+pistol_0219.jpg,COLT+WOODSMAN+pistol_0219.jpg,.jpg,26060,1
COLT+WOODSMAN+pistol/COLT+WOODSMAN+pistol_0221.jpg,COLT+WOODSMAN+pistol_0221.jpg,.jpg,95434,1
COLT+WOODSMAN+pistol/COLT+WOODSMAN+pistol_0223.jpg,COLT+WOODSMAN+pistol_0223.jpg,.jpg,109217,1
COLT+WOODSMAN+pistol/COLT+WOODSMAN+pistol_0224.jpg,COLT+WOODSMAN+pistol_0224.jpg,.jpg,46967,1
COLT+WOODSMAN+pistol/COLT+WOODSMAN+pistol_0226.jpg,COLT+WOODSMAN+pistol_0226.jpg,.jpg,62660,1
COLT+WOODSMAN+pistol/COLT+WOODSMAN+pistol_0229.jpg,COLT+WOODSMAN+pistol_0229.jpg,.jpg,359522,1
COLT+WOODSMAN+pistol/COLT+WOODSMAN+pistol_0232.jpg,COLT+WOODSMAN+pistol_0232.jpg,.jpg,86966,1
COLT+WOODSMAN+pistol/COLT+WOODSMAN+pistol_0234.jpg,COLT+WOODSMAN+pistol_0234.jpg,.jpg,638665,1
COLT+WOODSMAN+pistol/COLT+WOODSMAN+pistol_0237.jpg,COLT+WOODSMAN+pistol_0237.jpg,.jpg,15342,1
COLT+WOODSMAN+pistol/COLT+WOODSMAN+pistol_0242.jpg,COLT+WOODSMAN+pistol_0242.jpg,.jpg,52113,1
COLT+WOODSMAN+pistol/COLT+WOODSMAN+pistol_0245.jpg,COLT+WOODSMAN+pistol_0245.jpg,.jpg,62065,1
COLT+WOODSMAN+pistol/COLT+WOODSMAN+pistol_0248.jpg,COLT+WOODSMAN+pistol_0248.jpg,.jpg,81510,1
COLT+WOODSMAN+pistol/COLT+WOODSMAN+pistol_0249.jpg,COLT+WOODSMAN+pistol_0249.jpg,.jpg,68462,1
COLT+WOODSMAN+pistol/COLT+WOODSMAN+pistol_0251.jpg,COLT+WOODSMAN+pistol_0251.jpg,.jpg,17161,1
COLT+WOODSMAN+pistol/COLT+WOODSMAN+pistol_0254.jpg,COLT+WOODSMAN+pistol_0254.jpg,.jpg,110834,1
COLT+WOODSMAN+pistol/COLT+WOODSMAN+pistol_0257.jpg,COLT+WOODSMAN+pistol_0257.jpg,.jpg,145807,1
COLT+WOODSMAN+pistol/COLT+WOODSMAN+pistol_0258.jpg,COLT+WOODSMAN+pistol_0258.jpg,.jpg,957551,1
COLT+WOODSMAN+pistol/COLT+WOODSMAN+pistol_0259.jpg,COLT+WOODSMAN+pistol_0259.jpg,.jpg,15896,1
COLT+WOODSMAN+pistol/COLT+WOODSMAN+pistol_0266.jpg,COLT+WOODSMAN+pistol_0266.jpg,.jpg,858396,1
COLT+WOODSMAN+pistol/COLT+WOODSMAN+pistol_0268.jpg,COLT+WOODSMAN+pistol_0268.jpg,.jpg,38797,1
COLT+WOODSMAN+pistol/COLT+WOODSMAN+pistol_0270.jpg,COLT+WOODSMAN+pistol_0270.jpg,.jpg,401673,1
COLT+WOODSMAN+pistol/COLT+WOODSMAN+pistol_0271.jpg,COLT+WOODSMAN+pistol_0271.jpg,.jpg,213897,1
COLT+WOODSMAN+pistol/COLT+WOODSMAN+pistol_0275.jpg,COLT+WOODSMAN+pistol_0275.jpg,.jpg,31505,1
COLT+WOODSMAN+pistol/COLT+WOODSMAN+pistol_0278.jpg,COLT+WOODSMAN+pistol_0278.jpg,.jpg,92249,1
COLT+WOODSMAN+pistol/COLT+WOODSMAN+pistol_0280.jpg,COLT+WOODSMAN+pistol_0280.jpg,.jpg,306542,1
COLT+WOODSMAN+pistol/COLT+WOODSMAN+pistol_0284.jpg,COLT+WOODSMAN+pistol_0284.jpg,.jpg,122940,1
COLT+WOODSMAN+pistol/COLT+WOODSMAN+pistol_0285.jpg,COLT+WOODSMAN+pistol_0285.jpg,.jpg,401016,1
COLT+WOODSMAN+pistol/COLT+WOODSMAN+pistol_0286.jpg,COLT+WOODSMAN+pistol_0286.jpg,.jpg,25552,1
COLT+WOODSMAN+pistol/COLT+WOODSMAN+pistol_0287.jpg,COLT+WOODSMAN+pistol_0287.jpg,.jpg,17591,1
COLT+WOODSMAN+pistol/COLT+WOODSMAN+pistol_0288.jpg,COLT+WOODSMAN+pistol_0288.jpg,.jpg,125482,1
COLT+WOODSMAN+pistol/COLT+WOODSMAN+pistol_0289.jpg,COLT+WOODSMAN+pistol_0289.jpg,.jpg,84853,1
COLT+WOODSMAN+pistol/COLT+WOODSMAN+pistol_0291.jpg,COLT+WOODSMAN+pistol_0291.jpg,.jpg,24131,1
COLT+WOODSMAN+pistol/COLT+WOODSMAN+pistol_0293.jpg,COLT+WOODSMAN+pistol_0293.jpg,.jpg,1032507,1
COLT+WOODSMAN+pistol/COLT+WOODSMAN+pistol_0296.jpg,COLT+WOODSMAN+pistol_0296.jpg,.jpg,35410,1
COLT+WOODSMAN+pistol/COLT+WOODSMAN+pistol_0297.jpg,COLT+WOODSMAN+pistol_0297.jpg,.jpg,516968,1
COLT+WOODSMAN+pistol/COLT+WOODSMAN+pistol_0298.jpg,COLT+WOODSMAN+pistol_0298.jpg,.jpg,376581,1
COLT+WOODSMAN+pistol/COLT+WOODSMAN+pistol_0300.jpg,COLT+WOODSMAN+pistol_0300.jpg,.jpg,31670,1
COLT+WOODSMAN+pistol/COLT+WOODSMAN+pistol_0301.jpg,COLT+WOODSMAN+pistol_0301.jpg,.jpg,55503,1
COLT+WOODSMAN+pistol/COLT+WOODSMAN+pistol_0305.jpg,COLT+WOODSMAN+pistol_0305.jpg,.jpg,1839327,1
COLT+WOODSMAN+pistol/COLT+WOODSMAN+pistol_0307.jpg,COLT+WOODSMAN+pistol_0307.jpg,.jpg,1525682,1
COLT+WOODSMAN+pistol/COLT+WOODSMAN+pistol_0309.jpg,COLT+WOODSMAN+pistol_0309.jpg,.jpg,22816,1
COLT+WOODSMAN+pistol/COLT+WOODSMAN+pistol_0311.jpg,COLT+WOODSMAN+pistol_0311.jpg,.jpg,56966,1
COLT+WOODSMAN+pistol/COLT+WOODSMAN+pistol_0312.jpg,COLT+WOODSMAN+pistol_0312.jpg,.jpg,11844,1
COLT+WOODSMAN+pistol/COLT+WOODSMAN+pistol_0315.jpg,COLT+WOODSMAN+pistol_0315.jpg,.jpg,634748,1
COLT+WOODSMAN+pistol/COLT+WOODSMAN+pistol_0318.jpg,COLT+WOODSMAN+pistol_0318.jpg,.jpg,54380,1
COLT+WOODSMAN+pistol/COLT+WOODSMAN+pistol_0319.jpg,COLT+WOODSMAN+pistol_0319.jpg,.jpg,7976,1
COLT+WOODSMAN+pistol/COLT+WOODSMAN+pistol_0321.jpg,COLT+WOODSMAN+pistol_0321.jpg,.jpg,74258,1
COLT+WOODSMAN+pistol/COLT+WOODSMAN+pistol_0325.jpg,COLT+WOODSMAN+pistol_0325.jpg,.jpg,321541,1
