relative_path,filename,extension,size_bytes,is_image,sha256
SmithandWessoninc47/telegram_0.jpg,telegram_0.jpg,.jpg,69642,1,a75efbb5b12e4f9a9253fbe345aaeab20f2a669b19823a55b768fc39ae127e9a
SmithandWessoninc47/telegram_1.jpg,telegram_1.jpg,.jpg,134327,1,809c8ccfcd738b42dc577ee8dd1e7ea435daa889b161904c6ea3f035e614ae5b
SmithandWessoninc47/telegram_10.jpg,telegram_10.jpg,.jpg,62216,1,3e8c11fde73afe59acf299a2d1d7831343001eec6ec7fdb74868ce304554d863
SmithandWessoninc47/telegram_100.jpg,telegram_100.jpg,.jpg,131222,1,18f338d68e26bacc00c7378ceaa3f1deda3330b6fdaf64fdb46cd61043b5a6f1
SmithandWessoninc47/telegram_101.jpg,telegram_101.jpg,.jpg,143475,1,d71e5a9c85f2e75e17e3d0ead0270bb890d60cc9e8396ca08017b0159bff89c5
SmithandWessoninc47/telegram_102.jpg,telegram_102.jpg,.jpg,151857,1,8e9256f3638e7f031736fc949f442fdc31fddff92c22ee4b6be82281ec3fea0e
SmithandWessoninc47/telegram_103.jpg,telegram_103.jpg,.jpg,122725,1,b58d7c85fa706619bc6d4db40567b53cb3def451a6708a120872f57c443c62c5
SmithandWessoninc47/telegram_104.jpg,telegram_104.jpg,.jpg,209930,1,84411a24420aad56434fa15cea35ff086809af727902e00355459b788b98a687
SmithandWessoninc47/telegram_105.jpg,telegram_105.jpg,.jpg,234465,1,5c3518d52771263f61a25ccc86ea8fe274e9a64b33489ca6238c9e49f250232d
SmithandWessoninc47/telegram_106.jpg,telegram_106.jpg,.jpg,329188,1,6efe3af96090c8beb321d970b572dfc5f68f3c86f7666d471b6f00c2179a3a58
SmithandWessoninc47/telegram_107.jpg,telegram_107.jpg,.jpg,93856,1,66287582789707b08bde9c3318432a02e26a24d65084e6d9cd697c7a30ca3f18
SmithandWessoninc47/telegram_108.jpg,telegram_108.jpg,.jpg,304559,1,7dc3b527e0f8c89c702f1a52d6220328ba661ee7a7b72ad8f3a5650afcbd56fe
SmithandWessoninc47/telegram_109.jpg,telegram_109.jpg,.jpg,210692,1,9981e909424b630f56872193992c6daf7648b7632e20451a55c786e6cb2d8f60
SmithandWessoninc47/telegram_11.jpg,telegram_11.jpg,.jpg,283905,1,26df4361476fa29321a24bbea6e957d5c7d9d2db7c7dbc15f4491c8f9fc85db6
SmithandWessoninc47/telegram_110.jpg,telegram_110.jpg,.jpg,359389,1,81cde293c50a1fd1edae353b662b272431666c73abfb7b1dca6b7004b9d0e6e4
SmithandWessoninc47/telegram_111.jpg,telegram_111.jpg,.jpg,105567,1,b20fffff1716f17c2155b10bd38fade760efc17fd80eea67077d1e3cb76e7008
SmithandWessoninc47/telegram_112.jpg,telegram_112.jpg,.jpg,95648,1,f66fa9e13b607807eeacbcc3def6906b5eb1278d521a11091706c6c04cbd82b5
SmithandWessoninc47/telegram_113.jpg,telegram_113.jpg,.jpg,293643,1,dcce5fda180f2433afca672b30d9c4ee13216de4bbd48835d9cded5026b6ed4f
SmithandWessoninc47/telegram_114.jpg,telegram_114.jpg,.jpg,294336,1,41e65c3bf79ad520b23d91d5dc1accb886bf07ff2b09efdb4bd8f259116559d5
SmithandWessoninc47/telegram_115.jpg,telegram_115.jpg,.jpg,277343,1,a9546f32b8500eeeff24c6860a04041c59f4ac538fb386d1a49b83e772532b74
SmithandWessoninc47/telegram_116.jpg,telegram_116.jpg,.jpg,276474,1,8126145c145351bcdd53eaff61acdbf2751e240b2d1600abdc3a8e98f2935bb5
SmithandWessoninc47/telegram_117.jpg,telegram_117.jpg,.jpg,282896,1,8afe2a7c65b35f2b46226db28e0b09bdfbf07c2a943e0b46addec85552c01579
SmithandWessoninc47/telegram_118.jpg,telegram_118.jpg,.jpg,432101,1,afdd9050e99b84b5d8696aa33296699cb59db7a48834ff01b9455f6332544b06
SmithandWessoninc47/telegram_119.jpg,telegram_119.jpg,.jpg,424412,1,1052f080279fc66abf385a039e9ac03bb868030774e1a642f784644178fddfef
SmithandWessoninc47/telegram_12.jpg,telegram_12.jpg,.jpg,205548,1,a126695ba48ce25f954e22cee3022ecbe8acbe74b33720a38effbe83900187bc
SmithandWessoninc47/telegram_120.jpg,telegram_120.jpg,.jpg,489772,1,6763dee99be7c0851aaaedeb7bad1b3fcd1d0c6e1afc47f854f77a02e1a673fe
SmithandWessoninc47/telegram_121.jpg,telegram_121.jpg,.jpg,156299,1,5be0a33694259a447bdc5d648545a3ec85fb67b36dfa1b878b7d8e6aad80f507
SmithandWessoninc47/telegram_122.jpg,telegram_122.jpg,.jpg,146769,1,3c939d4f435aa05d31d508a25382a23ef4579dcc38ef5a7c59949ac698e02e57
SmithandWessoninc47/telegram_123.jpg,telegram_123.jpg,.jpg,260623,1,702f3da42d10ba698bdc7bd987a35771211d67847ebcb288b732c87774c5d520
SmithandWessoninc47/telegram_124.jpg,telegram_124.jpg,.jpg,30940,1,b3eaf0db3cc866af477aecf4e5e8cf26778a9bcce34c497f143119278571a635
SmithandWessoninc47/telegram_125.jpg,telegram_125.jpg,.jpg,52119,1,f98fdaba586e792d57ed4169736625778ab981a7a6481aaa09836ca2c68506b2
SmithandWessoninc47/telegram_126.jpg,telegram_126.jpg,.jpg,45326,1,a00969a1d1723ec1a464ffb2eaa28038f26fa1917d749eb86c29385dce85583c
SmithandWessoninc47/telegram_127.jpg,telegram_127.jpg,.jpg,79354,1,42fce9f6607e9a408732f6139ff4ac752a0156edb8f5d40ce43f0d9fbc67c606
SmithandWessoninc47/telegram_128.jpg,telegram_128.jpg,.jpg,194764,1,c7dd4fe28e5033173a5de5d6553a1f532c2f68b0274076cca995ee2ef097e438
SmithandWessoninc47/telegram_129.jpg,telegram_129.jpg,.jpg,135932,1,ce199d0d12f83e19fc8ca8452aff9e536f4f30cea392cd28b97ee7035ce9294d
SmithandWessoninc47/telegram_13.jpg,telegram_13.jpg,.jpg,161126,1,f01ba594db1254b79ee447363f388ba44132370e5ee2ee877e2ccb8a6669b6e2
SmithandWessoninc47/telegram_130.jpg,telegram_130.jpg,.jpg,303277,1,4436fa2dddbd9b02cdeea8494c6a6d8bf66a2a8956a7587fd5f1f167ba042753
SmithandWessoninc47/telegram_131.jpg,telegram_131.jpg,.jpg,142593,1,db695e54ff740677d6c924f1e9bc4c5939e2f292205fc65fd9893c3dfa9dbc5a
SmithandWessoninc47/telegram_132.jpg,telegram_132.jpg,.jpg,178092,1,67e888fe925ed66f6cdb47325bc387035b9bb13d44ad86dbfaec9bf14cf43f62
SmithandWessoninc47/telegram_133.jpg,telegram_133.jpg,.jpg,105239,1,c68148d30b32490378d503eda965a5700f807e2b5e58a14392faa77213424d9a
SmithandWessoninc47/telegram_134.jpg,telegram_134.jpg,.jpg,102002,1,df290a5954444c3f70070f7a7ad59454913198bbe81153b779f6d9ccec9c1a51
SmithandWessoninc47/telegram_135.jpg,telegram_135.jpg,.jpg,106999,1,e6dccc3ab82d4514b080df331228d686d7caf1ef4cdf50693b6c8fa4ba7253e1
SmithandWessoninc47/telegram_136.jpg,telegram_136.jpg,.jpg,104448,1,be32286e48cd7ddbc9662721380a6687c54f7d647510c4ada3b704da710a0c79
SmithandWessoninc47/telegram_137.jpg,telegram_137.jpg,.jpg,157838,1,4cefac58bba7344fbe34179980872659638b3ea62e396a18396bb5b0b411b485
SmithandWessoninc47/telegram_138.jpg,telegram_138.jpg,.jpg,162327,1,dd5e3e29a99ede3cad2472d2c969c30f240abce7f703c8c491f012cc7e689a60
SmithandWessoninc47/telegram_139.jpg,telegram_139.jpg,.jpg,162327,1,dd5e3e29a99ede3cad2472d2c969c30f240abce7f703c8c491f012cc7e689a60
SmithandWessoninc47/telegram_14.jpg,telegram_14.jpg,.jpg,167525,1,6e22d84a7c66592d1d75850d91b0505038c32dcc098ddf543477acb9c76900d9
SmithandWessoninc47/telegram_140.jpg,telegram_140.jpg,.jpg,283677,1,abe731eaaded6d9ab18483f78843bce6baf10bbb638c791a8e1f42031c340948
SmithandWessoninc47/telegram_141.jpg,telegram_141.jpg,.jpg,494768,1,d063916765fe92803578e8da76c181e6bac03c81dc48724022cfcfcb88a5d488
SmithandWessoninc47/telegram_142.jpg,telegram_142.jpg,.jpg,421265,1,c138637612d9dacc667b9de9f145711ae9ab820d1a63818375280d2719789120
SmithandWessoninc47/telegram_143.jpg,telegram_143.jpg,.jpg,189949,1,35065c85fd3bc880da0fd36a3938786c0609224518b58cb67d3d6e28c637f6a0
SmithandWessoninc47/telegram_144.jpg,telegram_144.jpg,.jpg,131740,1,6aa10e9972a41f7ecf2a60bddbfe3d5793e38257269cdcfef295fce86e9b7ff0
SmithandWessoninc47/telegram_145.jpg,telegram_145.jpg,.jpg,143370,1,deda6ec2cf8cb51f569ee8043ec6ffa98a0a241386ab1e93a279b0bf512c2f06
SmithandWessoninc47/telegram_146.jpg,telegram_146.jpg,.jpg,241873,1,b0b4dba9b1177024a8aba196764112047b1b6225a125c82ad6b4b818879d41ff
SmithandWessoninc47/telegram_147.jpg,telegram_147.jpg,.jpg,237050,1,2139c2e6d3e4c8c14c58074b51793099709a6092029dec666b0979ee687cc4b1
SmithandWessoninc47/telegram_148.jpg,telegram_148.jpg,.jpg,222756,1,c82b8a0d649b6cec96658f655b859ab9176399083bf294eccdceb0a18be4afb2
SmithandWessoninc47/telegram_149.jpg,telegram_149.jpg,.jpg,255018,1,6b1725acfc1c4e67662a0e899f4dde0b522a55e68a2a63219c3eacd29cc3d0fc
SmithandWessoninc47/telegram_15.jpg,telegram_15.jpg,.jpg,169916,1,389a2e074eb31e14b6b1fe923c49eed765aea439dbd102d2dd2156d1b78c29aa
SmithandWessoninc47/telegram_150.jpg,telegram_150.jpg,.jpg,235705,1,0913510166105aa2cd2030d1c27d0aaa81bae1fd530738f457636ab302586186
SmithandWessoninc47/telegram_151.jpg,telegram_151.jpg,.jpg,196687,1,927e40fd09ed287c94707128a031d3ed893b0da7a09baf65030f207f95814dc1
SmithandWessoninc47/telegram_152.jpg,telegram_152.jpg,.jpg,208280,1,3c081df04cd6e01f07fa8bc06b17c1468b43d838c02c29d394afba55b023f342
SmithandWessoninc47/telegram_153.jpg,telegram_153.jpg,.jpg,143601,1,78f2458a0bcf4e03a50e80ed2017149d28396ade08970d8226741240b9fe54bc
SmithandWessoninc47/telegram_154.jpg,telegram_154.jpg,.jpg,283845,1,2f181bfe6704e82ea90dddc76eae2f38308f165af69ec25f8c2df8af23bd4bef
SmithandWessoninc47/telegram_155.jpg,telegram_155.jpg,.jpg,412690,1,2af856f48860f568d302109f84d29e2181975abbe554334f4ef17be2c59cd1c5
SmithandWessoninc47/telegram_156.jpg,telegram_156.jpg,.jpg,395602,1,ceae891696ba543da243f642b8049ea9a4a6c7c03798b1e2854c7a52c3b296db
SmithandWessoninc47/telegram_157.jpg,telegram_157.jpg,.jpg,211990,1,2c612531556932f86973676aa249e1500e6c449eac175d8ad6cb8ab5e06f6ca5
SmithandWessoninc47/telegram_158.jpg,telegram_158.jpg,.jpg,335237,1,16fa3dd2f7454309ebc11e34367c9ec769de5aefd98bbd89fef341891223360e
SmithandWessoninc47/telegram_159.jpg,telegram_159.jpg,.jpg,177038,1,2bf440ef8a9c241e86345b38da386e71afdf2175567851271af3a4925104ac35
SmithandWessoninc47/telegram_16.jpg,telegram_16.jpg,.jpg,141374,1,ce9532fb0efa696e2be685425f99c3e68f7ad0d584f50b2216652a4273fb98f8
SmithandWessoninc47/telegram_160.jpg,telegram_160.jpg,.jpg,276352,1,90e59a649994140e752227ba227dd54fc45c5acd82f7bc1de94495bd39896d7a
SmithandWessoninc47/telegram_161.jpg,telegram_161.jpg,.jpg,141533,1,1857259125d2e2ec13522dff2daaed2aee95f3e2a316408b66b2a2d3f344dd40
SmithandWessoninc47/telegram_162.jpg,telegram_162.jpg,.jpg,89673,1,2b79323650f7625e46914d2b27a6697efbade529ce360b3c25208d8da7c9ada2
SmithandWessoninc47/telegram_163.jpg,telegram_163.jpg,.jpg,160905,1,affbe657a011b1c4d92554a9c0f15b58645bec94d2b2b70a3546c8be9d568da3
SmithandWessoninc47/telegram_164.jpg,telegram_164.jpg,.jpg,175794,1,77b7418b1c365803b8a722e77f16a247c27199c7478734bec75a182f4d31f907
SmithandWessoninc47/telegram_165.jpg,telegram_165.jpg,.jpg,267639,1,5181dd129cd016c5556499f895b49a83f293ddc52f0755e8f8a314523416bc34
SmithandWessoninc47/telegram_166.jpg,telegram_166.jpg,.jpg,90820,1,a3126d1bff4831bfcc2b9b0cd57360241ea76d957623780b38ff94d44f659db2
SmithandWessoninc47/telegram_167.jpg,telegram_167.jpg,.jpg,298439,1,eaa7c000413ab51f2fb4405ee4cd68962d8be25009deb4c648f9f1e9205c8cbf
SmithandWessoninc47/telegram_168.jpg,telegram_168.jpg,.jpg,55781,1,21d924e3d41e544e093bf1904138b748d416eaac12347d775b4632c250e1ca45
SmithandWessoninc47/telegram_169.jpg,telegram_169.jpg,.jpg,102732,1,49797de8b7b037f83c8f6092e266b55cc4cc673448ad85b006361d20ab70b939
SmithandWessoninc47/telegram_17.jpg,telegram_17.jpg,.jpg,195313,1,3b796de78e45b2ab17cbd063d9b315f9e963d469a0cadae1c6285a8cb0d35cd8
SmithandWessoninc47/telegram_170.jpg,telegram_170.jpg,.jpg,82430,1,326ad2a52065f359cf0ac52b3a0422d56fd9dd1310525005d98628b501adcc38
SmithandWessoninc47/telegram_171.jpg,telegram_171.jpg,.jpg,130231,1,09067789f07467a29a1ad4f7b00779785d1e02d59d581e55e891c0c951e1aae9
SmithandWessoninc47/telegram_172.jpg,telegram_172.jpg,.jpg,41090,1,9fc7cbd228b55c617b2ac00e28dff6f8caf621368a34a337656eb85a23e8e010
SmithandWessoninc47/telegram_173.jpg,telegram_173.jpg,.jpg,204510,1,dcd5e64630c3b8bd2a52af3d23af96d58bd5ebd47d5e858e098dde45c35f4271
SmithandWessoninc47/telegram_174.jpg,telegram_174.jpg,.jpg,132274,1,a1ac5cc04f85f31c3cf83615c7456ec5190cbc0d6de33ad3537b3da70b25ae71
SmithandWessoninc47/telegram_175.jpg,telegram_175.jpg,.jpg,57466,1,02f5d00cfff218768dbe116c25d12bac71d8f57a88896b99657d2cabf3d9c3cd
SmithandWessoninc47/telegram_176.jpg,telegram_176.jpg,.jpg,180066,1,1c5f03bed7b125ef82df211dafd4c2dda034593326e44961448f5009b48e69fe
SmithandWessoninc47/telegram_177.jpg,telegram_177.jpg,.jpg,160552,1,2ba711ac1924f9200b462a1ffbc4beb052f8d510460d9fbdd6b816baa71c19da
SmithandWessoninc47/telegram_178.jpg,telegram_178.jpg,.jpg,150153,1,2f0626219aa6bdd667b618dfeaa77947ec2bfe255b857c2e84c7baa9d71442e3
SmithandWessoninc47/telegram_179.jpg,telegram_179.jpg,.jpg,143515,1,385cb7b800e2c424f7786d154c9fb0d250b3f0f8e6b429fc5cbc941fba9707e1
SmithandWessoninc47/telegram_18.jpg,telegram_18.jpg,.jpg,95895,1,7b2ffa2c621639b8f6a4e1388cf4946299dffc63e1c919b5d6649402d01735b3
SmithandWessoninc47/telegram_180.jpg,telegram_180.jpg,.jpg,340592,1,6ee0bb9aba2477748ffba27a16ec35de0b503c949adb8a670b2a170b1472ef8c
SmithandWessoninc47/telegram_19.jpg,telegram_19.jpg,.jpg,101386,1,c18992962feab3f3cdf044a1385f6b86f9bc8ba5755c2393248e158dddc7ed53
SmithandWessoninc47/telegram_2.jpg,telegram_2.jpg,.jpg,234179,1,4df9732d9c760a249356fe9f12bc8dfe57ab045e79119b96a250b29ed213a2e3
SmithandWessoninc47/telegram_20.jpg,telegram_20.jpg,.jpg,110369,1,aa9050a3907b71d3ec6f4aac61a42243011e9d3d22aa9b5b7f043a941f13cba6
SmithandWessoninc47/telegram_21.jpg,telegram_21.jpg,.jpg,136039,1,33d26c69201fda9fd336f5e444070d53c4c6633be73cdce564cc9116099dbbfc
SmithandWessoninc47/telegram_22.jpg,telegram_22.jpg,.jpg,80127,1,37ada87f72c7005e37edd8ccb95d4dcbc2a55753f970ce68c96288cf360f8141
SmithandWessoninc47/telegram_23.jpg,telegram_23.jpg,.jpg,80067,1,67238c60be16c2a2b9c90564c27d9f4007de9abb030f2a7d1f601a45ba9b337c
SmithandWessoninc47/telegram_24.jpg,telegram_24.jpg,.jpg,45187,1,305e650fec941222bd775c322cf3e9ab346dffbe289611862fd8f958c9bc0287
SmithandWessoninc47/telegram_25.jpg,telegram_25.jpg,.jpg,103762,1,1f872da4d9f0a0bcac3dcf76ccfb61802872cd624fbc64251ab713339ebd0f95
SmithandWessoninc47/telegram_26.jpg,telegram_26.jpg,.jpg,86879,1,e45b9ed249f0332e096a7c626c18051a7f60db2f64df4221296275a9ed46ee0e
SmithandWessoninc47/telegram_27.jpg,telegram_27.jpg,.jpg,229063,1,f68b0aa2dbda07e831e6aa8a46560e1791c1bdeb55f040f6471b178c048e5a5f
SmithandWessoninc47/telegram_28.jpg,telegram_28.jpg,.jpg,163859,1,07ee63ddf750ab70f4cc7dc64903fcbcce15b4be24eaf114930683eac6251d35
SmithandWessoninc47/telegram_29.jpg,telegram_29.jpg,.jpg,238789,1,7f83c9960b3bba02d466d625dbe19f13713744ff36fbc60b5c0fee9d8b7bd192
SmithandWessoninc47/telegram_3.jpg,telegram_3.jpg,.jpg,195326,1,057d7a0faba708b80621be5a83987a534dfea122e31d39729a5e847850aa3ce5
SmithandWessoninc47/telegram_30.jpg,telegram_30.jpg,.jpg,185982,1,42c38f7af78c1cae657719cacf0e1a1b9f674e4eb58ba0a81a890dd670154faa
SmithandWessoninc47/telegram_31.jpg,telegram_31.jpg,.jpg,283278,1,138c340e8fcc1fc993ecc183e9c0e0569276dedaa59d96b1aa5d9b76afbdbd3b
SmithandWessoninc47/telegram_32.jpg,telegram_32.jpg,.jpg,160040,1,dc16b328577c188de5d87582cc28fba547d8f0df67d281192c0e2a3de4db05e9
SmithandWessoninc47/telegram_33.jpg,telegram_33.jpg,.jpg,73026,1,bf8f5fc00dc46603dfb28cd66b911833e1d4f933b9e4be20f2a93dfda96c6830
SmithandWessoninc47/telegram_34.jpg,telegram_34.jpg,.jpg,101219,1,ded307069914066eb27b2f7a397e5ac7c8c7e66e95f9b567963c1a59858f7a0a
SmithandWessoninc47/telegram_35.jpg,telegram_35.jpg,.jpg,83918,1,4b28dc69d320987cfad36521b21142f90d2f88bb9d0f507f5d3203345acc02b2
SmithandWessoninc47/telegram_36.jpg,telegram_36.jpg,.jpg,329054,1,51543a43330c00d42cdea1bcbb7493e82ecfa430b339af904a86da3de9ee5515
SmithandWessoninc47/telegram_37.jpg,telegram_37.jpg,.jpg,97412,1,1f806c47afcf8264f9077f6548c0f59526ad40488945e739e3b4cb137bac68f9
SmithandWessoninc47/telegram_38.jpg,telegram_38.jpg,.jpg,398715,1,0ce96ecd5fdcd3e344e9a63105340441aaa4f2a9f387f41bd4a7c5c08cd6787e
SmithandWessoninc47/telegram_39.jpg,telegram_39.jpg,.jpg,173420,1,6ce45d0d6fad4cf55d3eb9b6cc9bfce78c4e679c336e7ea801a1d780e7c1fcad
SmithandWessoninc47/telegram_4.jpg,telegram_4.jpg,.jpg,234506,1,4faa4c1dfeb8fe2e8d80414eaaf059e8b0f2dd640e677d0fbf01904de7a041f7
SmithandWessoninc47/telegram_40.jpg,telegram_40.jpg,.jpg,109439,1,bab4015db728a81729ef1f8e4f4c8d8d7b9c8e0f0e44533b6ac15133bc7db699
SmithandWessoninc47/telegram_41.jpg,telegram_41.jpg,.jpg,330035,1,b7a9a6002a479ea25618feb8b6ca1df85a2887f300054dfde53a5842ea1b0554
SmithandWessoninc47/telegram_42.jpg,telegram_42.jpg,.jpg,304381,1,d80bcea444cff48cf9062fa2db11e72c8a4f4ae48ad2ef8b6ba19e2679cdebd8
SmithandWessoninc47/telegram_43.jpg,telegram_43.jpg,.jpg,366701,1,2a7cb7ace20608193574e7f9a685bbe0b221918f34006bfabb198ddfdf3b70df
SmithandWessoninc47/telegram_44.jpg,telegram_44.jpg,.jpg,52280,1,d4170fe19c0e804882179bfd9e820724fe2837124672d8c0eb002b7df3ed4aa4
SmithandWessoninc47/telegram_45.jpg,telegram_45.jpg,.jpg,93693,1,3bf5e21bfe2880669b605af3e7296fc6721bfa62b80dcb1f071ab11c98b7813d
SmithandWessoninc47/telegram_46.jpg,telegram_46.jpg,.jpg,229186,1,abd46207fea7e9b7ff69894b992d1c1e674a8ecbe84b5127ee018c1940cbdf07
SmithandWessoninc47/telegram_47.jpg,telegram_47.jpg,.jpg,214936,1,4a70129189430a1377a8cba46db35d2c1160b4c53eafa13bb31330db22eeefce
SmithandWessoninc47/telegram_48.jpg,telegram_48.jpg,.jpg,424655,1,ea3aaf6811629aeac99da449bef618bfbfa1ff3ebcdce9bbb1dc82e303cb55ee
SmithandWessoninc47/telegram_49.jpg,telegram_49.jpg,.jpg,524093,1,08a3c0f55ede56426e242bdbe75a14a836f903521fb8f7d39c3dfeedb4b4e71c
SmithandWessoninc47/telegram_5.jpg,telegram_5.jpg,.jpg,278363,1,7dc86a8df0a01e3c6f8a9c3c8c5ea29e34eecfec9fa7a5a47dc6a325b6b1fadf
SmithandWessoninc47/telegram_50.jpg,telegram_50.jpg,.jpg,525701,1,2b19e217a3277013f020f91b73b3cb1e0d30c17718bc9ce46d745c43e612879d
SmithandWessoninc47/telegram_51.jpg,telegram_51.jpg,.jpg,298422,1,a2be30f74a8022a9bd1443b5ee6c2152e9a24a142385366cbaf58871b3987362
SmithandWessoninc47/telegram_52.jpg,telegram_52.jpg,.jpg,135479,1,d4c73d065e4277480e64dd5c8e4dc63ba5f66ab138f64759140aab71e6803e52
SmithandWessoninc47/telegram_53.jpg,telegram_53.jpg,.jpg,188500,1,a0a465b1506f986fbc30bba62db0026a93429c646fa767c601d1879e7fb6c407
SmithandWessoninc47/telegram_54.jpg,telegram_54.jpg,.jpg,113920,1,58415361300c1f052dc8f1d61a0cb0da8ada982cfa5cb203be0718a7ad7f854d
SmithandWessoninc47/telegram_55.jpg,telegram_55.jpg,.jpg,26617,1,c34a75346de0a56b0acd13069d9f457b1d43d300434c63bbe4019ca8c10c171c
SmithandWessoninc47/telegram_56.jpg,telegram_56.jpg,.jpg,116599,1,d02310b2a8eec8e7b583793dfafe9eb36180216b84b6f36e4367f88ee2320034
SmithandWessoninc47/telegram_57.jpg,telegram_57.jpg,.jpg,231606,1,2614471ba152ee6bb88f7105f05d8c1a8b78e42237c9a5c0ea05941175df7c07
SmithandWessoninc47/telegram_58.jpg,telegram_58.jpg,.jpg,229186,1,abd46207fea7e9b7ff69894b992d1c1e674a8ecbe84b5127ee018c1940cbdf07
SmithandWessoninc47/telegram_59.jpg,telegram_59.jpg,.jpg,178632,1,b73011a9210d14fb8e56e4d4435901a495cc5f9b699d9e108998a98b1bb90300
SmithandWessoninc47/telegram_6.jpg,telegram_6.jpg,.jpg,147370,1,87bed816eed1af2b9852210612d55f2034b5e795e8513c1d62d9504ad90ec183
SmithandWessoninc47/telegram_60.jpg,telegram_60.jpg,.jpg,75741,1,fa6618b6ccbe90fe6eda6dc96abcd88b4b3c04dd6529a5aedee0ede468f71703
SmithandWessoninc47/telegram_61.jpg,telegram_61.jpg,.jpg,116951,1,799484eb04f17f319e596c42fe605a238d9596effd613ea2d4603042f853b78b
SmithandWessoninc47/telegram_62.jpg,telegram_62.jpg,.jpg,245647,1,667d6f0625d7fe5d80887a24caab4993c609fdb820708a5309c5fa61ec3bf814
SmithandWessoninc47/telegram_63.jpg,telegram_63.jpg,.jpg,283261,1,682e29ca2c4829c0e3df4a9f97cbc3d344870cede526cda038599feaeb9bad71
SmithandWessoninc47/telegram_64.jpg,telegram_64.jpg,.jpg,146526,1,ab3d9810036a300d3b60fc1e512f5a9cd8997f9b68a502909898282e47fbc43a
SmithandWessoninc47/telegram_65.jpg,telegram_65.jpg,.jpg,165533,1,2b9d5018798f9b6f125ba6852ee275f4fbe98c6825488c18c998b362b3723d86
SmithandWessoninc47/telegram_66.jpg,telegram_66.jpg,.jpg,151520,1,6024d94364527fd6edb8096a0611681a5cea9204715df8990380f2b1787f3fd6
SmithandWessoninc47/telegram_67.jpg,telegram_67.jpg,.jpg,317415,1,73416bd8d1d756a89afaeaa884a42e36f32608e8be299f8f21251172118e5c76
SmithandWessoninc47/telegram_68.jpg,telegram_68.jpg,.jpg,180059,1,9e0e6432078968430f3a9a0a1f093052183f8abbba783ec1e8e01dd4b673fbc7
SmithandWessoninc47/telegram_69.jpg,telegram_69.jpg,.jpg,152056,1,94ab166e8fea03f42a07ba1b8d7d928c7c9f5205e2abfa8252f59d5b3270dbd4
SmithandWessoninc47/telegram_7.jpg,telegram_7.jpg,.jpg,133918,1,ca871a8c672fb680c72acef85f3da77d4f9fd1e8d9a8aa5395a001382a76a124
SmithandWessoninc47/telegram_70.jpg,telegram_70.jpg,.jpg,88326,1,206a6fa9079d143a1a173b8f62f26f076ed67920198d066c48bfc256c9c27311
SmithandWessoninc47/telegram_71.jpg,telegram_71.jpg,.jpg,107718,1,f6aa7112d8cf81bbffd1daca69f725880622daa6e06e918441392848c204c1ca
SmithandWessoninc47/telegram_72.jpg,telegram_72.jpg,.jpg,98674,1,55e78e3a0d9348fad2742f2a053893f2b5c2d2008d0ccb065a530175fa0c2786
SmithandWessoninc47/telegram_73.jpg,telegram_73.jpg,.jpg,48250,1,7f6a111a6c7a36c8a9723eee6015767ae616efbcfc45ecf07d8466890ad7ec7d
SmithandWessoninc47/telegram_74.jpg,telegram_74.jpg,.jpg,117855,1,aca8c8952916336f6f0cbcd507591c7cef34fcd13b965886cda1f330bec929b0
SmithandWessoninc47/telegram_75.jpg,telegram_75.jpg,.jpg,345851,1,4e820ee2a9793fa284709274f4f1eb790865acaf93d46a20a0467ec299d95642
SmithandWessoninc47/telegram_76.jpg,telegram_76.jpg,.jpg,361588,1,b0d1ceef4c5bfcbaabf78e4e5281b69deec0bd7f7284a4811578bac1fa7d65fe
SmithandWessoninc47/telegram_77.jpg,telegram_77.jpg,.jpg,275914,1,ea4ac4554ae7e54f24e812fd0a0e3a41aaa3f668b4707d9ff8fe3b8977067b35
SmithandWessoninc47/telegram_78.jpg,telegram_78.jpg,.jpg,158909,1,8f2a90c6175322321f4846fb936769915f405f44ad75ba4a9863ec7821563dc4
SmithandWessoninc47/telegram_79.jpg,telegram_79.jpg,.jpg,292071,1,fb2eafea639e67df532d930f7758a944a872bd2885248242a1195c38bd80f2cf
SmithandWessoninc47/telegram_8.jpg,telegram_8.jpg,.jpg,122762,1,8ce8b0a57f40d8d91066f7abd92fab2a6b0b34f4becdbb46e11458c5ff058d5e
SmithandWessoninc47/telegram_80.jpg,telegram_80.jpg,.jpg,218354,1,01f1b2bd1d9fd57db16e9a1883b077fe024c1d2bc2344e011ffcb0cbbc38c62e
SmithandWessoninc47/telegram_81.jpg,telegram_81.jpg,.jpg,197859,1,329315f9b1cda588c3b58e3ce23bd56e349d032c27762ffa9ab922edca1a7ffa
SmithandWessoninc47/telegram_82.jpg,telegram_82.jpg,.jpg,245637,1,7a6031d79a2d922c7d07f8687f496705613894a97c06815c9b5f292803c4c8d4
SmithandWessoninc47/telegram_83.jpg,telegram_83.jpg,.jpg,125584,1,53a462bbf37721494500989a2bce330f164bb8af7c8aa04c4766557a21974b94
SmithandWessoninc47/telegram_84.jpg,telegram_84.jpg,.jpg,115354,1,b22304ecc16e09b35fa6bec0ec9e42a268ecffd6ec7a9493547be27cd7903cd4
SmithandWessoninc47/telegram_85.jpg,telegram_85.jpg,.jpg,298439,1,eaa7c000413ab51f2fb4405ee4cd68962d8be25009deb4c648f9f1e9205c8cbf
SmithandWessoninc47/telegram_86.jpg,telegram_86.jpg,.jpg,74924,1,d1d8f6c1350eed4159b259864124445c86f3686a3453cdd456485f3bf3dd78f4
SmithandWessoninc47/telegram_87.jpg,telegram_87.jpg,.jpg,154207,1,87fbaa7c69b152ce89e970b7f1b7cc037b4bc89d22649e2161681808b9508ee1
SmithandWessoninc47/telegram_88.jpg,telegram_88.jpg,.jpg,268111,1,959844531b5072e073feee880f5586102383111baa8004de374011a4010b11d0
SmithandWessoninc47/telegram_89.jpg,telegram_89.jpg,.jpg,85768,1,52faf2364cb9f2c7b60520de1ce219eaadedd9f4a9dd67a65b48acffe76fa377
SmithandWessoninc47/telegram_9.jpg,telegram_9.jpg,.jpg,111049,1,dcc26d9ace2a16760065e41057bfda8d7df48e70b83cf8a0c8d2ebb17c23c80a
SmithandWessoninc47/telegram_90.jpg,telegram_90.jpg,.jpg,150740,1,0abecfe488bb054d1c850da9e645f7d0c33e96876d2b5895fe3b0d45385d4450
SmithandWessoninc47/telegram_91.jpg,telegram_91.jpg,.jpg,279694,1,28d22507dbbbf8b59eceac200b020a392339a8a2634e84a7a8d168285ad30ab9
SmithandWessoninc47/telegram_92.jpg,telegram_92.jpg,.jpg,73378,1,a6b895dc31b751cbd42b612d8f6810d2715748e89e7b2908ecb8adfe819bf78f
SmithandWessoninc47/telegram_93.jpg,telegram_93.jpg,.jpg,84126,1,114f44c9227a5f43d0b59c98ffd2151c3fa831085bbd3e0384753814270edec6
SmithandWessoninc47/telegram_94.jpg,telegram_94.jpg,.jpg,283452,1,2e3ad43fd485389d88f76da77f6b21049a625b46f3e5b43c45fb1917aedc603d
SmithandWessoninc47/telegram_95.jpg,telegram_95.jpg,.jpg,186354,1,9d407851e6b4093a1425a230d32285535e921d8e661546e207c49a47ef52205e
SmithandWessoninc47/telegram_96.jpg,telegram_96.jpg,.jpg,244107,1,bdb48e2ac5c72575ece493da6b17f18917265e161c9e109dd76dad8553376b15
SmithandWessoninc47/telegram_97.jpg,telegram_97.jpg,.jpg,200060,1,c6f7c9832e6b90a4fb81aba83fa3ed5585f8436d5bee4fa734a27dce616bbe5f
SmithandWessoninc47/telegram_98.jpg,telegram_98.jpg,.jpg,165385,1,cea4252b9bd93e2a23c1dde34cd2438a92d863414b441deebc071fd3560e0546
SmithandWessoninc47/telegram_99.jpg,telegram_99.jpg,.jpg,138432,1,d7598ff6351fa29927597fe91772cdeb7cbe4108db7be238443744a0466d142e
UAWeapons/telegram_0.jpg,telegram_0.jpg,.jpg,382802,1,e956bbae3bb1aa8fead4b26c2143ee8f1791ebb71f91a6cd2ece5bd92e49545d
UAWeapons/telegram_1.jpg,telegram_1.jpg,.jpg,266528,1,c2245322454f66acdf488ece6c213cbdd4178420baeccd25cc4d1e28791aa6cc
UAWeapons/telegram_10.jpg,telegram_10.jpg,.jpg,298761,1,70ed596b70d0271e5e2059982daef9d953e31bad2caca6327afdd36ca1d24c15
UAWeapons/telegram_100.jpg,telegram_100.jpg,.jpg,169646,1,13e29a887b3315c25ac2e6e47a90f8c307977b2c3116b2a511e0d167bb824b22
UAWeapons/telegram_101.jpg,telegram_101.jpg,.jpg,221135,1,27d11e10376082e86e552a5ccd8bac8a0dcd6fc581828c2adce9f443cb2292a5
UAWeapons/telegram_102.jpg,telegram_102.jpg,.jpg,204514,1,dedc88d64e094cc2107d3c23d55b28160a55ed7d97528feeec86ce2d0c5a9690
UAWeapons/telegram_103.jpg,telegram_103.jpg,.jpg,424391,1,ccae60d21b20a92137d2f0813f5086be448aaa3c1186122c8ee0f4bda23724ed
UAWeapons/telegram_104.jpg,telegram_104.jpg,.jpg,89313,1,05b59e06d1596ac13b885a2e3aef65b56fc599f158c53b116e74356b699227f7
UAWeapons/telegram_105.jpg,telegram_105.jpg,.jpg,134141,1,810eb9d52a359ae597a7470940684570048b005c749acced8b8b4a748e7a6586
UAWeapons/telegram_106.jpg,telegram_106.jpg,.jpg,85320,1,4dcc51ce527d6606bc2c5a23cf51b6c4400ccf5f4a9dc42801941dae8964ad62
UAWeapons/telegram_107.jpg,telegram_107.jpg,.jpg,80462,1,0b5bb87031342fb8985c67f7eeba03374c84774566e763e288d6bb64a80ccf9e
UAWeapons/telegram_108.jpg,telegram_108.jpg,.jpg,92176,1,12d6a90ea39e1b081ef67baf9b60dc65f98d01799fd88a611632e2ab329a3579
UAWeapons/telegram_109.jpg,telegram_109.jpg,.jpg,84440,1,a1cf2f887ccd6bd1fd65f1d10ba37acc7e2dc03afda65bfa400fe778d94c723f
UAWeapons/telegram_11.jpg,telegram_11.jpg,.jpg,161762,1,51da62d2d0421bf6af5bb4f3bd12861bb1d2f4776a6c2d658b14f24174fae254
UAWeapons/telegram_110.jpg,telegram_110.jpg,.jpg,250458,1,92a950310f31bbdfef65cd6d41c57e625f7da380f165f14054593c212f7b3078
UAWeapons/telegram_111.jpg,telegram_111.jpg,.jpg,53323,1,1e2f45d649d0e09d949296c88e6cab53734e0ec990e5c20b1f17cae5a8c027bf
UAWeapons/telegram_112.jpg,telegram_112.jpg,.jpg,121204,1,d1e1677e08e2ed8259e43ff5dc3d6cb47aa6b8cdf4b0e6564a226963177f3f2f
UAWeapons/telegram_113.jpg,telegram_113.jpg,.jpg,186608,1,3f9561bc55c876aff3b9f0ac0d8547cd037b359c07ad25623e9bd5824bd4d5a0
UAWeapons/telegram_114.jpg,telegram_114.jpg,.jpg,266919,1,53dee928db784be30662a358f7953baddeeab04089c7181078f6956bf45168f4
UAWeapons/telegram_115.jpg,telegram_115.jpg,.jpg,136333,1,d28bb8dedb25911bb46fdb23439bad5cecc64aa6fa4a845f9dfe7b5be48c151e
UAWeapons/telegram_116.jpg,telegram_116.jpg,.jpg,193162,1,19cf0f632f2ad50993904e24447d7a8bf3cac4fcd3957e60b0b04d44e2b181eb
UAWeapons/telegram_117.jpg,telegram_117.jpg,.jpg,135557,1,a283225ed81352bf1d24a98de98519d9f221c5433cec02de2e4933039479b228
UAWeapons/telegram_118.jpg,telegram_118.jpg,.jpg,108862,1,4b311b1e6e3f724af127be1c6074be7beab0878a24fb3bfd64a1f2bbb87a60a0
UAWeapons/telegram_119.jpg,telegram_119.jpg,.jpg,162837,1,eee50f98fb95ac8a31ae9d6a44f1e7adaad34e7138228414cd70a60043751a8a
UAWeapons/telegram_12.jpg,telegram_12.jpg,.jpg,396282,1,5a367aa43abec941429c169d63bdfaf39b3424fab0990cfcfd00490b8aeb869a
UAWeapons/telegram_120.jpg,telegram_120.jpg,.jpg,131145,1,f716c28573553e3561e5d1043f6fc677712b3a3e3c3de637f29151bb4fad9cc7
UAWeapons/telegram_121.jpg,telegram_121.jpg,.jpg,248780,1,4253d6f5e50f2656304321b3e2f7694f0b23fcef321bd6b4c00189c212fc9569
UAWeapons/telegram_13.jpg,telegram_13.jpg,.jpg,370319,1,4c4c62cf5324c26b25867167c102e3d805ff95a52304d077e0fd56f13ae5fef5
UAWeapons/telegram_14.jpg,telegram_14.jpg,.jpg,404255,1,8640d6dabcd02362a81b087b404091fcb84fc78acc57b4bf1fffc89e71596111
UAWeapons/telegram_15.jpg,telegram_15.jpg,.jpg,339706,1,48f68978782953936c8e18ebba83b8877a45f2f44f0bfcff0ae8db74f8dd3bfe
UAWeapons/telegram_16.jpg,telegram_16.jpg,.jpg,203584,1,32c91dd2758a08ea218356a766521ac03ed7004b77a154b5d4da7681703fe865
UAWeapons/telegram_17.jpg,telegram_17.jpg,.jpg,79158,1,de5366ec2851ffc6a7bb86013790e43e688a192f5d707b97eb9ad06c964b3eef
UAWeapons/telegram_18.jpg,telegram_18.jpg,.jpg,290410,1,29d0cf7d59c1b8f88e8f4c9b93dc53b1baafdc99c8a78df7a8323acfab1bdf33
UAWeapons/telegram_19.jpg,telegram_19.jpg,.jpg,311697,1,eb9b4ff142285457becedcad0a15d97b50825998b5348b0177fa377dfc19eb6f
UAWeapons/telegram_2.jpg,telegram_2.jpg,.jpg,118426,1,aad43d5714862308d7909ab7b10881aa4fe2fc159395bcc0cb9ec0dacefd777d
UAWeapons/telegram_20.jpg,telegram_20.jpg,.jpg,91375,1,120263a7a1c93fb6c44d9c20c85f6ec51d5699cd61f9cf9f1483695372a34f52
UAWeapons/telegram_21.jpg,telegram_21.jpg,.jpg,91375,1,120263a7a1c93fb6c44d9c20c85f6ec51d5699cd61f9cf9f1483695372a34f52
UAWeapons/telegram_22.jpg,telegram_22.jpg,.jpg,99964,1,d20e93f1ccbc59860a666e6539c1f6d3a859716857d9037ed428f96ff1cfc94c
UAWeapons/telegram_23.jpg,telegram_23.jpg,.jpg,375284,1,d50f8da9c842b2ee5222b7c3de7e14094f07a809fbda12a1c30cd4351f3a567d
UAWeapons/telegram_24.jpg,telegram_24.jpg,.jpg,329868,1,bd4e88ca7680df429a75b9a56be054daeecb2249de4f5d8688025641aed223f2
UAWeapons/telegram_25.jpg,telegram_25.jpg,.jpg,288456,1,693ae6e4b3bd43a438bffd6e5e5ec379664ef77a0baa3b15d6cdc90212196a9e
UAWeapons/telegram_26.jpg,telegram_26.jpg,.jpg,426338,1,fdf30aa02165fb5deb2339c7a04714b4cb1a5f3059dbbe33ed12506d99916845
UAWeapons/telegram_27.jpg,telegram_27.jpg,.jpg,109673,1,8ec25225ea9c0706c6ab2fb7a7c404329ca65a93a7430a4bf44cfddb97680683
UAWeapons/telegram_28.jpg,telegram_28.jpg,.jpg,128153,1,9222b2e67bddcd5c422328deb0375e6c95c8161c087b32feef7e45c80708163a
UAWeapons/telegram_29.jpg,telegram_29.jpg,.jpg,111782,1,454785265ed3121423d05d7fb665e9ee816d1ef61fd5f71b44bc16d615fe9698
UAWeapons/telegram_3.jpg,telegram_3.jpg,.jpg,192414,1,2223b5fa1959634bcb57ae965cdc85a2c71374aa246d36431c2d00dd3721c6ae
UAWeapons/telegram_30.jpg,telegram_30.jpg,.jpg,219688,1,c5c726d1a94b9ee7804f2fae7214a428fad1ee0b7f747e170fe07ab5ce93fc83
UAWeapons/telegram_31.jpg,telegram_31.jpg,.jpg,127714,1,052ce13561a0c4dbf1aacf77ec2d9f5062c6ff8eab3506336413acc65642ea26
UAWeapons/telegram_32.jpg,telegram_32.jpg,.jpg,258959,1,618562d4f5dd8c23edc8e35530718f0766b271ad5e761b1622295cda8f53a811
UAWeapons/telegram_33.jpg,telegram_33.jpg,.jpg,169765,1,83edb6e261df67869942f31c8b69300b544271d1577cd285645e9c22a0698e61
UAWeapons/telegram_34.jpg,telegram_34.jpg,.jpg,280071,1,04d34b1f35eddaa2c903b0ef3e20b8bdb26bf0c7955bc77755263473e0c10d30
UAWeapons/telegram_35.jpg,telegram_35.jpg,.jpg,148313,1,0d7c4f245e322030f89473dcd371c7974b0cd5c5fbbfd942fbf0b76a55fdff5a
UAWeapons/telegram_36.jpg,telegram_36.jpg,.jpg,100158,1,b70c93fc3b3e0513ac2e4f8a161a3ae7efee62f129fb0f9f2009b11a15a6b98a
UAWeapons/telegram_37.jpg,telegram_37.jpg,.jpg,103712,1,8118ba45a9e90dca51f9213647fa7a5a553c440c0c55822045d91ffe0a39abf0
UAWeapons/telegram_38.jpg,telegram_38.jpg,.jpg,81552,1,98feffabc43108c8a5a27a2e02ac4d1b66e8adccbdf0d0e7f057cca0403916b8
UAWeapons/telegram_39.jpg,telegram_39.jpg,.jpg,101437,1,984b3006d681f575a952d639b811444bab660be6ec9328b45f0637b5ccc02a0e
UAWeapons/telegram_4.jpg,telegram_4.jpg,.jpg,108562,1,6fb388ed2f7b0898a1a526f7ca041e2641b725bfccc631dbf966880b4c19ee2e
UAWeapons/telegram_40.jpg,telegram_40.jpg,.jpg,119446,1,85205a4684feb726ea4445fa7eea75144be2849c1c048f0c019dac61ddcc9117
UAWeapons/telegram_41.jpg,telegram_41.jpg,.jpg,148825,1,e27edf90ec5df1b1e8a108f142a03eec9ed10e266ef6393a4037b7ff6f329267
UAWeapons/telegram_42.jpg,telegram_42.jpg,.jpg,173177,1,d87603367236bee3e27d797a6108fcb4be53cf2b6d9df425ac390423ebf3f9c9
UAWeapons/telegram_43.jpg,telegram_43.jpg,.jpg,93558,1,43ebfc36010e9171fa52c604307bfa0f9d4347a71ed46016d0fe23147ac4dc54
UAWeapons/telegram_44.jpg,telegram_44.jpg,.jpg,243481,1,34244cd4980c4402213de6d165e92ada9cd79d5b5a739c05c6758b17135ea79c
UAWeapons/telegram_45.jpg,telegram_45.jpg,.jpg,253471,1,b0782d1fa2c4b39b7d858095097a38c8ac694e255d7405fb1182ac0d588e0559
UAWeapons/telegram_46.jpg,telegram_46.jpg,.jpg,271606,1,9cbb90875ee721ee98976d2dced443788217590210add75378956b5025671597
UAWeapons/telegram_47.jpg,telegram_47.jpg,.jpg,285526,1,bdef230ca6995ae721ef4ac5a6b2c1f9184592bbb56054439f073d97e850def6
UAWeapons/telegram_48.jpg,telegram_48.jpg,.jpg,86613,1,01a4fa45df2b149fd0a72d2b74f0bf8f9ed4f1b3afc021e0101c4504362d5b29
UAWeapons/telegram_49.jpg,telegram_49.jpg,.jpg,103594,1,4e9e1fd150ff0cf095df18d3570fc062e6a2ebce9bb6cd7c3e02a7372dc00f4b
UAWeapons/telegram_5.jpg,telegram_5.jpg,.jpg,238157,1,424853bbd87df663d97c1d0c552cdce4ce57175ef7ca5aedfd6c4fd0329b6c6a
UAWeapons/telegram_50.jpg,telegram_50.jpg,.jpg,270356,1,8f66ff7e17d3b23681b74c16945c7939423151c74bde45189ceb06670770a81c
UAWeapons/telegram_51.jpg,telegram_51.jpg,.jpg,45749,1,4400c4fc457df572d8fc26c9d59cd91a552b81ca8d402153d9c81838613ee430
UAWeapons/telegram_52.jpg,telegram_52.jpg,.jpg,119327,1,d26027395d2aec4adb94d7f6dad7237f0875213817360ddca5a772bb95404d3d
UAWeapons/telegram_53.jpg,telegram_53.jpg,.jpg,102363,1,b24a46a8247491a695d9565bce8c7be87dd65f5f2c7cfe4211020560be82a902
UAWeapons/telegram_54.jpg,telegram_54.jpg,.jpg,117458,1,42a0d1d94944168333427b31fc120e71cca75b79b92e29dc79b8bc661eae73a2
UAWeapons/telegram_55.jpg,telegram_55.jpg,.jpg,134462,1,f8e48791f282253bedcb7e04b2e39d7d19bda331f188037ab8ab3e119fa41d99
UAWeapons/telegram_56.jpg,telegram_56.jpg,.jpg,126728,1,78d649f63b1b935c6df34847420a8a4c9400d59b9d4deb039ac6a79871f96461
UAWeapons/telegram_57.jpg,telegram_57.jpg,.jpg,122319,1,9b580a823aeb1d69372473e758029896aa91a72d4c2d89a25b39d8cfac6c91d0
UAWeapons/telegram_58.jpg,telegram_58.jpg,.jpg,38720,1,a91409184281e3624bb80a040df0e3c9bd8b80b051d59c8aa8f58468207e1ff0
UAWeapons/telegram_59.jpg,telegram_59.jpg,.jpg,92554,1,01bba6240c00237b9689c2792f33e1ef5a06cc6fd9ac9486dc572c4e3bbf6227
UAWeapons/telegram_6.jpg,telegram_6.jpg,.jpg,345395,1,c206d431a701a492f21772ce2cddde35b6d541b5d5757cbd517d3ca9274b259d
UAWeapons/telegram_60.jpg,telegram_60.jpg,.jpg,183161,1,0deff84d1da807005aa13dd03432f0d6756f54bf9bb1c50b2db2769d300461f2
UAWeapons/telegram_61.jpg,telegram_61.jpg,.jpg,219824,1,7896343efd84e5eb4bef2593e608411d88afb6fab901a317309e24a6326c4663
UAWeapons/telegram_62.jpg,telegram_62.jpg,.jpg,126728,1,78d649f63b1b935c6df34847420a8a4c9400d59b9d4deb039ac6a79871f96461
UAWeapons/telegram_63.jpg,telegram_63.jpg,.jpg,122319,1,9b580a823aeb1d69372473e758029896aa91a72d4c2d89a25b39d8cfac6c91d0
UAWeapons/telegram_64.jpg,telegram_64.jpg,.jpg,155853,1,2ab70d20d02ce25170c7fdbe39f8af5361226db228dd96cd6ac6834497806071
UAWeapons/telegram_65.jpg,telegram_65.jpg,.jpg,238782,1,e775ad02ed3e30fcfab51053d85e32f0b79789cc3a40b6c9e3201a6869fdaddd
UAWeapons/telegram_66.jpg,telegram_66.jpg,.jpg,211384,1,c4a438a70b88f95c59522db6cc5e53847c5dcd2b05930ae0d58a2b9ca42882c8
UAWeapons/telegram_67.jpg,telegram_67.jpg,.jpg,164976,1,8addbee6f01ca02a6e84a8dbf7266942e87339c3ed8921f93e3e3e4d2d88284c
UAWeapons/telegram_68.jpg,telegram_68.jpg,.jpg,152868,1,91dae554dd61a2593a0c587a9e1ae5d2accf6ae954bc5ebb70f505fa252f0a36
UAWeapons/telegram_69.jpg,telegram_69.jpg,.jpg,15098,1,9b8e6f33b5907d9f63611756f0ccaca9b298a2f3826d5b08847d2af34c89fbc9
UAWeapons/telegram_7.jpg,telegram_7.jpg,.jpg,383510,1,067a0b6d0d5ba2d7ebea838562d087287fef418b3b90d64c39ddcf6f8e5a37ca
UAWeapons/telegram_70.jpg,telegram_70.jpg,.jpg,79029,1,74d52b8d05639c0e100082b9bce2a7c780b9274a9edeb6a02fd026777e68a3cf
UAWeapons/telegram_71.jpg,telegram_71.jpg,.jpg,97598,1,d9580a18401be901999c85d3a3f65a8dc5eaec273449aa59ef38d869ec2f7e1e
UAWeapons/telegram_72.jpg,telegram_72.jpg,.jpg,152955,1,063278904e72e455e5202dba573af9b5deb575fe4efafec18dc678011db2eaee
UAWeapons/telegram_73.jpg,telegram_73.jpg,.jpg,204830,1,8b832decc5bfdb1d7efd11b574cc07eb2b86989dd66e645375694a49286f3ca0
UAWeapons/telegram_74.jpg,telegram_74.jpg,.jpg,186333,1,45a1073f5b66d7fe182368dc6d9e5081ccd4f220f3a8eb59cac95cf8f050fc33
UAWeapons/telegram_75.jpg,telegram_75.jpg,.jpg,127149,1,fc433f4d603043d54189878f9a82f9185e6de611ab08a3d15614b83c4148da9e
UAWeapons/telegram_76.jpg,telegram_76.jpg,.jpg,212021,1,45feec68154f6fca37967903d8b5f0528fa95d32cb302437ece5c07f58a44f83
UAWeapons/telegram_77.jpg,telegram_77.jpg,.jpg,183249,1,faec212f38101ce49673d2cdf401f243b706635ddab92a113e494de8625f34bf
UAWeapons/telegram_78.jpg,telegram_78.jpg,.jpg,159100,1,a10c66406de7f29be199288501822dbc513fc1810a7bb9409612579167ab159c
UAWeapons/telegram_79.jpg,telegram_79.jpg,.jpg,84497,1,238fc5fad55f176a93162fea647dc5943167e213781ad9b7f542cd8b585024ff
UAWeapons/telegram_8.jpg,telegram_8.jpg,.jpg,307499,1,4f48515335226e1435b739ce5075273c783e8c4f4980bfeeaac01e07e097e01c
UAWeapons/telegram_80.jpg,telegram_80.jpg,.jpg,94118,1,c976b21936e23f4171a42a75591b6ddd7b48e13b7e9c634f458fe567ccb46e38
UAWeapons/telegram_81.jpg,telegram_81.jpg,.jpg,119870,1,db26a41e6ef2b9faab16c0030a352943bc6fa07be0b608bab961fd029d96c9de
UAWeapons/telegram_82.jpg,telegram_82.jpg,.jpg,70536,1,aef18ef5e03680579dbac4e8e5ed6288395e9c69ca202908c5d93a1a3e52c785
UAWeapons/telegram_83.jpg,telegram_83.jpg,.jpg,287409,1,b1fe6f4ddd9d1a05d5e7d1d6e33efaf857afcf74448a47213c07126297c24e1b
UAWeapons/telegram_84.jpg,telegram_84.jpg,.jpg,225035,1,ebb54b61b697c4409c414302fd353df747f6dc24b55d09fffe3145386b950344
UAWeapons/telegram_85.jpg,telegram_85.jpg,.jpg,161843,1,e13659c29eea6c2bd45c615354366d8591db32a175035ba2f94bc4f8a80eb479
UAWeapons/telegram_86.jpg,telegram_86.jpg,.jpg,172293,1,773fcf5b8af1e38492ef4500c870ff321f940c01c3bbb847aa17eaa7d7e53ad6
UAWeapons/telegram_87.jpg,telegram_87.jpg,.jpg,27338,1,356b661fb2a14f353cdf1a67f385c6e1ac16300f01daf02f05744b66e73b53bd
UAWeapons/telegram_88.jpg,telegram_88.jpg,.jpg,122082,1,150b4f40042904e82705494002aeca677b49b3d62a9342f9db1af27695f27da5
UAWeapons/telegram_89.jpg,telegram_89.jpg,.jpg,124010,1,98a5e6dae41208ded8f0d988163cf9abb7dce637630ad42140e18339a01cf2da
UAWeapons/telegram_9.jpg,telegram_9.jpg,.jpg,357432,1,4827cfa530e2bd0e771707eb115fa66ae1611eaa5935973fb2b40adfc805fcd4
UAWeapons/telegram_90.jpg,telegram_90.jpg,.jpg,117187,1,4f18ee99cbbac8ae2dc920ffbcbf79e40d2ee84d02790ad4b6b59210834b8bc1
UAWeapons/telegram_91.jpg,telegram_91.jpg,.jpg,117187,1,4f18ee99cbbac8ae2dc920ffbcbf79e40d2ee84d02790ad4b6b59210834b8bc1
UAWeapons/telegram_92.jpg,telegram_92.jpg,.jpg,262927,1,c43089cfa6d6122351c0c0531e14fdb1bdd5b62d1d14103f21536792110c4cde
UAWeapons/telegram_93.jpg,telegram_93.jpg,.jpg,228945,1,c800bffad96d7a33d749f660dfd68b0ae16f60e1aca0b80a2b18591a31ab9ee3
UAWeapons/telegram_94.jpg,telegram_94.jpg,.jpg,168930,1,bc7de28136d47528ac489dfd653a1a80914a5f6eba1c9b579ecc3459fc11325f
UAWeapons/telegram_95.jpg,telegram_95.jpg,.jpg,169340,1,83d5ec35d06515e29ab70e3d5a944a046967a63dd0303e780ef0054d9cfafc75
UAWeapons/telegram_96.jpg,telegram_96.jpg,.jpg,245908,1,dffd97f4e1b29d231dc5931459e5ff22412f5c7b89f66680d6491c23a2d3574b
UAWeapons/telegram_97.jpg,telegram_97.jpg,.jpg,260707,1,5d25769fdf4b4395342c6c25ce671b1590b811420032bb1c06400b9e63036d38
UAWeapons/telegram_98.jpg,telegram_98.jpg,.jpg,115867,1,0caf5ec44d4bfa1bab7a259c37d8dc152b770f55bdc829997726cb647b43ca2d
UAWeapons/telegram_99.jpg,telegram_99.jpg,.jpg,173434,1,e45416fb8815fba30a5e7f6b04f2e693055cceeb82d20a68d6c44b8fe978dbd1
military_footage/military_footage_0.jpg,military_footage_0.jpg,.jpg,81539,1,9c0c3bd55f946aecf6955356b50e156e82c2240d04093ca9e8824d3762aa4dee
military_footage/military_footage_1.jpg,military_footage_1.jpg,.jpg,83279,1,b9d4be585ea8582d923c19fd4990178acb203fd5a81e1a863faaeb398ec77798
military_footage/military_footage_10.jpg,military_footage_10.jpg,.jpg,108259,1,a61f374a0217d277ad0308318cdca7762ffff4ea0e02e9da093d953be92d0de4
military_footage/military_footage_11.jpg,military_footage_11.jpg,.jpg,98440,1,fcd8eaad7c59ffe2e7d0becfb76649f07100432440649e307aa5885dda779deb
military_footage/military_footage_12.jpg,military_footage_12.jpg,.jpg,155875,1,0a6f7f434c1dea31d3d291324be490ea13bd09b4e19f4bccb7fa6574705fed35
military_footage/military_footage_13.jpg,military_footage_13.jpg,.jpg,259235,1,88bce20c13ef7b7e1f3f13234fd833731b9b46c78476028b5e28c13c286ea101
military_footage/military_footage_14.jpg,military_footage_14.jpg,.jpg,313290,1,851a6c637b9eb2122534eb8e84b4b4242ea974022e5b05ee0c0a703a7c2b8564
military_footage/military_footage_15.jpg,military_footage_15.jpg,.jpg,331440,1,2afa48534d2ef80dd34df15742f9431dc1be84e9eed7c7aed6b34922cbc82a0a
military_footage/military_footage_16.jpg,military_footage_16.jpg,.jpg,174255,1,3c8c202cbd59f457f678b39ad0f1d37b256e50a4028215995045a609a735e2d9
military_footage/military_footage_17.jpg,military_footage_17.jpg,.jpg,60673,1,8cec8405a0ab898c5849f4b39b548adf229363e54d2427e241d9dd54fd60da0b
military_footage/military_footage_18.jpg,military_footage_18.jpg,.jpg,68110,1,dc56419d12774799e1db0374dd138d7109c9315f266bce7142d0db2bbb45b156
military_footage/military_footage_19.jpg,military_footage_19.jpg,.jpg,73575,1,254e8331ea84a3a96a8fdcbfd42cb2354d21493259212dc62ca467cf3dcd14de
military_footage/military_footage_2.jpg,military_footage_2.jpg,.jpg,105460,1,42389432fdd39b8b3f9bea4bfdf89fb9791d99c543909c4447823ccc87905372
military_footage/military_footage_20.jpg,military_footage_20.jpg,.jpg,80398,1,ace7c8dee31e455f3d73f7c75d7a2e290f1601e4114b56bf01e729408de66358
military_footage/military_footage_21.jpg,military_footage_21.jpg,.jpg,195579,1,f8841d93b0dc3ec630a54a72ceaa6ffc0371a1d154ff991ceed02201d639e7a8
military_footage/military_footage_22.jpg,military_footage_22.jpg,.jpg,136061,1,f03017222e8aa9d24e57dceb89e5ce93237c302ccc2942fb9b4a58aaa686d473
military_footage/military_footage_23.jpg,military_footage_23.jpg,.jpg,211586,1,4d8d06415d6c81c17a8442c3c72a1a63884294c566fe8da523ffc57d1d43d1c5
military_footage/military_footage_24.jpg,military_footage_24.jpg,.jpg,203481,1,c7bc96d979351a0a71e38545cd0d4f9cbf2623ecd83edf1c87ba7548756f13de
military_footage/military_footage_25.jpg,military_footage_25.jpg,.jpg,247280,1,3dbd095300faeb1270e672e3c386aa38815596bf7fc2cc74e082f3836b7191a6
military_footage/military_footage_26.jpg,military_footage_26.jpg,.jpg,319190,1,7d76ca253582b9c3a254dcde0900e5cae20f4d9dc2f4f28036207ed8736114c9
military_footage/military_footage_27.jpg,military_footage_27.jpg,.jpg,338101,1,07bbe8b3c7451fe984a87eef456777f2883f3ba5e91c830b08cc278039224295
military_footage/military_footage_28.jpg,military_footage_28.jpg,.jpg,476133,1,4f882b22fb3847fb253e663ead412342f4427384208e8cc0d02c35888f8b1a10
military_footage/military_footage_29.jpg,military_footage_29.jpg,.jpg,479473,1,46d32f034d18e798b913a773c1f086b907eeff6bdbdeb55703d41597abbdc2af
military_footage/military_footage_3.jpg,military_footage_3.jpg,.jpg,62332,1,a62a4afd33292aa5965a59f8d256c5b5032031d78f98d93d3b0065a13c1e8b74
military_footage/military_footage_30.jpg,military_footage_30.jpg,.jpg,184980,1,33127354c249cc2d366444e0d2f5c23809832d309089df7d3dd8cc5a87372db8
military_footage/military_footage_31.jpg,military_footage_31.jpg,.jpg,112095,1,005428ae51984f89b5ab317bfc0803a8890ff2cfbdc6567110e99e75f0d9815d
military_footage/military_footage_32.jpg,military_footage_32.jpg,.jpg,41080,1,1ce31806685b013d8914d69524ee31e826659198e3fb4153d0c468140002579f
military_footage/military_footage_33.jpg,military_footage_33.jpg,.jpg,98328,1,65f9d5746f02cdca89e91ba2b5fe3eadeca3575e0375f25aad04cfc888ac31d0
military_footage/military_footage_34.jpg,military_footage_34.jpg,.jpg,70203,1,cb15ee1589d42247c35911ae203808925e6d9ce2947f45ddb4c643f6d40b6c0a
military_footage/military_footage_35.jpg,military_footage_35.jpg,.jpg,45895,1,d5a61ebe715f2fac121ec1d7dfdac86a2e34455a52eeef70b4354fcd4502ad71
military_footage/military_footage_36.jpg,military_footage_36.jpg,.jpg,84917,1,6e117a30d128fc5a95b7527025ea1a39070aef05bdb32a51fabd589b6e244afc
military_footage/military_footage_37.jpg,military_footage_37.jpg,.jpg,52240,1,1655241aa3e757c8037de03de8b0b3aad8d86faea82d8636c6fbf6ffbc7b6cf5
military_footage/military_footage_38.jpg,military_footage_38.jpg,.jpg,114295,1,619cd60fb5968714adf4dbf2127fcd471bc217ab8316a1e9a874f187d263feab
military_footage/military_footage_39.jpg,military_footage_39.jpg,.jpg,111553,1,0c91d4d0f7b837fe3533c154f156376f6aa2c006c80aa20a78305025b1e64d3c
military_footage/military_footage_4.jpg,military_footage_4.jpg,.jpg,57237,1,b7bee8e4021d9b68f22d3e9c7079ceff57681a936a4e3467f5f61c9f1304d795
military_footage/military_footage_40.jpg,military_footage_40.jpg,.jpg,211238,1,55cde12b2bf09ca2a63f54b018a2b8e0b085322cce404a08029e776b486590b4
military_footage/military_footage_41.jpg,military_footage_41.jpg,.jpg,75900,1,c0b08d8290e6e6d6f7943c665b2b99f694d4d697ef64a3c88c0d83633dd8a973
military_footage/military_footage_42.jpg,military_footage_42.jpg,.jpg,102290,1,2213ffb3f95be127bb876b41409f5021014c27f349906398b9bd2b038282f9d1
military_footage/military_footage_43.jpg,military_footage_43.jpg,.jpg,67356,1,d65c02746440bf439eaf4c0d40a2c731cee76987cdb0208542271a6b2ad07491
military_footage/military_footage_44.jpg,military_footage_44.jpg,.jpg,79766,1,7597bd1fa1c4d06fc36f5f4a3efc42011288d277eab6c1e92028cf6e21c34d1c
military_footage/military_footage_45.jpg,military_footage_45.jpg,.jpg,229815,1,29e28ebf3bdeea6da39bf84e22ffdf95cb821c07c4ed31df2cded2089a612599
military_footage/military_footage_46.jpg,military_footage_46.jpg,.jpg,291630,1,c8e603f44e8f00b38f3a427b354bd493a1de03f9f441f42b3e89a9a8568fbcd3
military_footage/military_footage_47.jpg,military_footage_47.jpg,.jpg,219544,1,6e55aac45a45e7add4acc910052e5509ef7465b6fab8fd251f2ddf6feb2f3b94
military_footage/military_footage_48.jpg,military_footage_48.jpg,.jpg,296878,1,7cdc77007790fbbaa93caed887d8db4d5ebe885a93c4e4f034611945005206d2
military_footage/military_footage_49.jpg,military_footage_49.jpg,.jpg,324340,1,998d5cf6e500713b35310e0319b921f25007471aca7c8d6762a14c9e62e65016
military_footage/military_footage_5.jpg,military_footage_5.jpg,.jpg,79439,1,60f08728f4ad5026400af0fe1fd396d41822f5f99386e1c40bec968b8d2f5b46
military_footage/military_footage_50.jpg,military_footage_50.jpg,.jpg,303831,1,403a55d50e83f0e7a6984868c50c761d56b1aee04d97af00d807b41f954137fa
military_footage/military_footage_51.jpg,military_footage_51.jpg,.jpg,312003,1,b623fdb594b9b5362f88a06ce49d7959a55149863228d586be1403dc12019796
military_footage/military_footage_6.jpg,military_footage_6.jpg,.jpg,93572,1,5a69d6d291b99bcc7e6ac6e3f192603eb9c434a7261cdb764346bdb32e3795cb
military_footage/military_footage_7.jpg,military_footage_7.jpg,.jpg,108520,1,ca809952c0c772096bd515735b97b61e2336da8d9fde8e9116db87f860e51cc7
military_footage/military_footage_8.jpg,military_footage_8.jpg,.jpg,94209,1,51082500f981657bab1c7de9ad4436e92a7f2add3ef0772dea8e5ed9f1fe9d89
military_footage/military_footage_9.jpg,military_footage_9.jpg,.jpg,131193,1,cd8f900b9c77a5ad44ff88dc8f73d800370d19365023df441cad965c2fc924ef
weaponsandequipmentarchives/telegram_0.jpg,telegram_0.jpg,.jpg,154210,1,f6761548eacbaf5ba3a3a14666b76517c2c179c3e9a0cafd51700ba12eb2b269
weaponsandequipmentarchives/telegram_1.jpg,telegram_1.jpg,.jpg,163409,1,11b4cc694c9dc98364881f43b5773b4d273d7a73a6997e245cd0fb2dd6c8b33f
weaponsandequipmentarchives/telegram_10.jpg,telegram_10.jpg,.jpg,100151,1,30e6f331cf8d1d44011981b8411ed62a0f4a15194be480aceaa5c2318fc38bab
weaponsandequipmentarchives/telegram_100.jpg,telegram_100.jpg,.jpg,32843,1,976796f21f0d0bc7d8dc8ec2ec86127ddb7f2f967da485b82fdf57748d615775
weaponsandequipmentarchives/telegram_101.jpg,telegram_101.jpg,.jpg,200297,1,b7e4f628ff1c0ca7bcddf9a389de1ef997752849483fd529e5d18120ef9130bc
weaponsandequipmentarchives/telegram_102.jpg,telegram_102.jpg,.jpg,181772,1,d4872656e5b91c8b6ab871e3ab329dea297cfdc85ba64862c5d744b8bdfffe98
weaponsandequipmentarchives/telegram_103.jpg,telegram_103.jpg,.jpg,69967,1,6161e0fdf48504acf512d2a610d716835ab4c43be6070136e13ce22315bf9e1b
weaponsandequipmentarchives/telegram_104.jpg,telegram_104.jpg,.jpg,148069,1,266b91a88f7e5d3276279c26efa8cdc2a62d0a9b90e85a7fa45a0ed91a3c820e
weaponsandequipmentarchives/telegram_105.jpg,telegram_105.jpg,.jpg,97664,1,a754fbf7a4d0313ed190d10f804bb0ceace5decbaaf840c5f1060fa8281ef9af
weaponsandequipmentarchives/telegram_106.jpg,telegram_106.jpg,.jpg,119019,1,7b6215cdab5d9ecffcd9448198bd17d46410feb95eae8a5e1a4ac44f664c8a43
weaponsandequipmentarchives/telegram_107.jpg,telegram_107.jpg,.jpg,80008,1,94d01af539ebfbad06364fcede684292d8cd91cc5336374133ae382794dcadcc
weaponsandequipmentarchives/telegram_108.jpg,telegram_108.jpg,.jpg,89889,1,b08a50437dcc5dbba32eda984533e92a06a6a9d5fa1b540d1dc7651f41c8dc28
weaponsandequipmentarchives/telegram_109.jpg,telegram_109.jpg,.jpg,75935,1,8c061b761b360ba94960bfe5e7ab7745d0ecd2beed7d1080d1ccd7cd8eb720f5
weaponsandequipmentarchives/telegram_11.jpg,telegram_11.jpg,.jpg,62618,1,5ded575ecba1c820ab17177f0fac583f0be0af0b7359495dc9e183d6422ae669
weaponsandequipmentarchives/telegram_110.jpg,telegram_110.jpg,.jpg,135739,1,e0b506e2b52e8d2ee58ed97fbda8f3449459491c7a21dd5930bc669163843a2c
weaponsandequipmentarchives/telegram_111.jpg,telegram_111.jpg,.jpg,78004,1,f45941969276408a84f4e02ac35bebcbee18663bf50e217d48d23772ab06971a
weaponsandequipmentarchives/telegram_112.jpg,telegram_112.jpg,.jpg,89057,1,168abb506e9ed0144ec3e3acf170ee8dddb4e5199a8a414be6fad1a96df8ad6a
weaponsandequipmentarchives/telegram_113.jpg,telegram_113.jpg,.jpg,205329,1,17c0e1725a95750572d94ed61eccc031424430e121a1f395a40f45759815da9d
weaponsandequipmentarchives/telegram_114.jpg,telegram_114.jpg,.jpg,91947,1,36c2602699aa37681d636fda5e9545363a6349c6a342d59a05e9bffa8b24be8a
weaponsandequipmentarchives/telegram_115.jpg,telegram_115.jpg,.jpg,97116,1,3a0d72a2ad253050974a5d67edb262df80df61622c5b267d01d7848c21dbd0d1
weaponsandequipmentarchives/telegram_116.jpg,telegram_116.jpg,.jpg,147056,1,5eaa2f48a22631fa870b376ead4e71cbbd7b83772934b820160385b1939a8ae9
weaponsandequipmentarchives/telegram_117.jpg,telegram_117.jpg,.jpg,115211,1,33c8c29a2ca494205ceafd29e272409c6f1a662730443c6bf656c8ad05c59eff
weaponsandequipmentarchives/telegram_118.jpg,telegram_118.jpg,.jpg,86425,1,990288d34f7bb62dd59907cd3dec5ca43200399b16e8f353c5d1cbe2b5687466
weaponsandequipmentarchives/telegram_119.jpg,telegram_119.jpg,.jpg,60997,1,58944386eeec8a2d84805436802dddeb3e907f6861bb0012bbd8a04fc8c200b7
weaponsandequipmentarchives/telegram_12.jpg,telegram_12.jpg,.jpg,126689,1,97fce96c406f58a1d03375bf1ae2e9c9f9a7a3064fd535923d55316c05a5801d
weaponsandequipmentarchives/telegram_120.jpg,telegram_120.jpg,.jpg,118235,1,deb134a563cc631057b3fd40e7ccbdac0568cdf6114e900c5b335663c23bac4a
weaponsandequipmentarchives/telegram_121.jpg,telegram_121.jpg,.jpg,38461,1,3f0454aeba568bec367cf83c35e61de986df84510baef80eb2a5a9b2322ca84c
weaponsandequipmentarchives/telegram_122.jpg,telegram_122.jpg,.jpg,43260,1,ff6fe0e3d7a59bd6877394c20f50732d41472b5309d19be4792aa078d1528192
weaponsandequipmentarchives/telegram_123.jpg,telegram_123.jpg,.jpg,47094,1,ba41af8ea8123c82fade9fd8b67cda305df59fc687f2ef8051b3c54e47593d01
weaponsandequipmentarchives/telegram_124.jpg,telegram_124.jpg,.jpg,51252,1,ab3c9504db915acfcbc344a9e2ea7dddc1e2da9dc810b7e34e46645e470042d3
weaponsandequipmentarchives/telegram_125.jpg,telegram_125.jpg,.jpg,45946,1,ac557668d8205267977054ba0fd39680027aff1171641f1652046c87a81ad620
weaponsandequipmentarchives/telegram_126.jpg,telegram_126.jpg,.jpg,44538,1,60373c3feefafa40a06b5e95511cf509e9b21ab3b8a05fbdb1537c670b9076ee
weaponsandequipmentarchives/telegram_127.jpg,telegram_127.jpg,.jpg,49953,1,804b094e13eea14a5f83e7ab7612da059f96f47a5e2d3820218632bbf04ed3a3
weaponsandequipmentarchives/telegram_128.jpg,telegram_128.jpg,.jpg,43902,1,4802da421c655c8dd6b7f3246f924b30e440de709471b9b9d3ada7fdd3a2e616
weaponsandequipmentarchives/telegram_129.jpg,telegram_129.jpg,.jpg,46344,1,3fcc6ff359df65558cdc2a431dc0cb1e097913d4914aaa44edf5c67657f9e747
weaponsandequipmentarchives/telegram_13.jpg,telegram_13.jpg,.jpg,192194,1,17c0669acf0adbf9a0ccf1a236f4a7b40b0515c92cb8220ce60250d058aa172f
weaponsandequipmentarchives/telegram_130.jpg,telegram_130.jpg,.jpg,182427,1,5083ff33d207e4659133e92a325f5002835821b6ba416549860c474c04279f34
weaponsandequipmentarchives/telegram_131.jpg,telegram_131.jpg,.jpg,89447,1,e39b997ce9f7ab519fb1086e16b06bcec98d3ea399b64f2502bbd52ecc7eaeef
weaponsandequipmentarchives/telegram_132.jpg,telegram_132.jpg,.jpg,52660,1,80f234703c08969c2abb623cdd721abaa1ff19f015ecbebce6ad0c10650968eb
weaponsandequipmentarchives/telegram_133.jpg,telegram_133.jpg,.jpg,54314,1,65ec84c1389909cdbfde5d2b9d0175c4b895bbac5dce140a0730c21692be70da
weaponsandequipmentarchives/telegram_134.jpg,telegram_134.jpg,.jpg,50490,1,228c03416b6900763c81d8e567c057d3d9b763a6772958a06f3755ebe022da5a
weaponsandequipmentarchives/telegram_135.jpg,telegram_135.jpg,.jpg,53937,1,7af9f763500e0b286ece2d71fb8c3ec285564bc7f66a168bff5d45ccce9d5bb9
weaponsandequipmentarchives/telegram_136.jpg,telegram_136.jpg,.jpg,53085,1,686bc30b641ade8fae33e49f08fc620a32b8b07dabf9f27a65e9c52e2f69d1e9
weaponsandequipmentarchives/telegram_137.jpg,telegram_137.jpg,.jpg,55145,1,0018d21074f20e11bcde870dc45b718a9008733d54db8ad7b62f07103d6dd304
weaponsandequipmentarchives/telegram_138.jpg,telegram_138.jpg,.jpg,104940,1,d8b35ccaffc57a982afdba6cdb410a92462a0f91ae9c68fdf5042bfab243cd72
weaponsandequipmentarchives/telegram_139.jpg,telegram_139.jpg,.jpg,61866,1,c3dc2c0bd6d86bd4bc4b0ad830882f0de59505ecb4465a3d304b620e95842502
weaponsandequipmentarchives/telegram_14.jpg,telegram_14.jpg,.jpg,19549,1,5141b923587e5c715593c7f6042828f592b688a97a80ccb6aa6d96f32228e93a
weaponsandequipmentarchives/telegram_140.jpg,telegram_140.jpg,.jpg,82399,1,da3bba6e81c75d977eb1de85f5154a445223a0707dc37dab1beb38af64416aad
weaponsandequipmentarchives/telegram_141.jpg,telegram_141.jpg,.jpg,71802,1,0852cff9b378d78e8017ad0def749c4bc7aa48d13350f56485a624f0a8c5b141
weaponsandequipmentarchives/telegram_142.jpg,telegram_142.jpg,.jpg,51291,1,c3b82f5bb87297d8a4c67bbe13e9e0cc2d129dea9947563ce3733b9ccf301ecc
weaponsandequipmentarchives/telegram_143.jpg,telegram_143.jpg,.jpg,56075,1,22746f985176260af2ed55396d471c6056c89fdbb6d9f3aa80b011873a1673d7
weaponsandequipmentarchives/telegram_144.jpg,telegram_144.jpg,.jpg,201298,1,2997969ed630fd49ef4d7e0a28ab87654dcb74210d0b6a4901486346ed502967
weaponsandequipmentarchives/telegram_145.jpg,telegram_145.jpg,.jpg,151769,1,6307601a2bed0d37e207ad4960126b1110a89c74a386b519f24ace3365925244
weaponsandequipmentarchives/telegram_146.jpg,telegram_146.jpg,.jpg,224150,1,9e18b4e6bf703f624502d5441948417c2888aa4158556d765ee826c7f1b9a522
weaponsandequipmentarchives/telegram_147.jpg,telegram_147.jpg,.jpg,123871,1,8cf1193476d7c5a3a59d0632af1514a349555b6e4549c820df3533388dda4600
weaponsandequipmentarchives/telegram_148.jpg,telegram_148.jpg,.jpg,39212,1,1b3a7902f6f6f96e866ba4f81ef7f8cafb5191a187005bd17b0a6ec7aefc72fd
weaponsandequipmentarchives/telegram_149.jpg,telegram_149.jpg,.jpg,161694,1,c06cf9da5062ca7be1f40fe0d79bea3ef6e127ee4aa36286e00c85b5f9491f49
weaponsandequipmentarchives/telegram_15.jpg,telegram_15.jpg,.jpg,111141,1,d43a22c46bc7be661c825bfbec1ef77e3fe541c90b59bc57ea14ac3912452099
weaponsandequipmentarchives/telegram_150.jpg,telegram_150.jpg,.jpg,152682,1,bf26a50628d47e186d5cf17718e5be68fe11b196c413c557ff5849a4a374a8a6
weaponsandequipmentarchives/telegram_151.jpg,telegram_151.jpg,.jpg,84025,1,851781a1f84c9c5aefd44197c44f75f5d2781a4eb9ec35a763c8f9aa5774e1d2
weaponsandequipmentarchives/telegram_152.jpg,telegram_152.jpg,.jpg,131615,1,b177effc4865f54e9a6e9a33bb3e5ce78f47e10a687cabcec7104ef59d1a5330
weaponsandequipmentarchives/telegram_153.jpg,telegram_153.jpg,.jpg,90261,1,93fd9161cfbecb22ca827956ce4b1bfc8a741c890b02e5388e58a3286b24c7d0
weaponsandequipmentarchives/telegram_154.jpg,telegram_154.jpg,.jpg,89123,1,e070e976a288c9c4f5445891ada3d0505e315f51088950ceb177e5e0822c4001
weaponsandequipmentarchives/telegram_155.jpg,telegram_155.jpg,.jpg,67689,1,282acb45d88ce70bef4c7b63d80c3d0494579ec070726cc392e8b1de84b32902
weaponsandequipmentarchives/telegram_156.jpg,telegram_156.jpg,.jpg,132179,1,8eaf8c42a0dfb3441cc26cf01fd359bd579146041053f22b3e0196e339d43a51
weaponsandequipmentarchives/telegram_157.jpg,telegram_157.jpg,.jpg,225869,1,d7828e70ffe597f4bb70eb593f07d22f73d338fde505887ae119322ab1d3ab18
weaponsandequipmentarchives/telegram_158.jpg,telegram_158.jpg,.jpg,208115,1,d949dfaf492b4ed999d82c03e7220b0b1acf110ee46e396b40c0fadede4b9e7a
weaponsandequipmentarchives/telegram_159.jpg,telegram_159.jpg,.jpg,214620,1,7dbbd4396a7233ee83a432a94bccfb6221506b744ce597b58df3006714508eda
weaponsandequipmentarchives/telegram_16.jpg,telegram_16.jpg,.jpg,215944,1,6e3e5c399d0ae0747ce5bd5cc435106f7ab3806d5abfe01e854e587a964545d5
weaponsandequipmentarchives/telegram_160.jpg,telegram_160.jpg,.jpg,195812,1,2aa515ed0cfe64e0d7d3c0a959ccf662c8d043f506c4dcf1a3577dc68c5737b5
weaponsandequipmentarchives/telegram_161.jpg,telegram_161.jpg,.jpg,82386,1,4d4691de8b166f031aca523e73215dafe6ab3773958adc38e87d5bd73fd326c6
weaponsandequipmentarchives/telegram_162.jpg,telegram_162.jpg,.jpg,98772,1,a64fa012d46743d501e8b78923e634b604846a0c259c55651c932041d0b0e14a
weaponsandequipmentarchives/telegram_163.jpg,telegram_163.jpg,.jpg,112299,1,e3cbbf9dc89754133518f2e30e9f5b42a8373cde75926b2a6702ad56014873f3
weaponsandequipmentarchives/telegram_164.jpg,telegram_164.jpg,.jpg,77640,1,f4ae4371a94e07cca9570765ba257563481337646681cbb5e36943069d56fcc9
weaponsandequipmentarchives/telegram_165.jpg,telegram_165.jpg,.jpg,84189,1,83e70dfb9de6574b80efeee9f6090bad4bc3a5b5f7b806293fb039ae2d4636f1
weaponsandequipmentarchives/telegram_166.jpg,telegram_166.jpg,.jpg,56375,1,8e6e3aa4c3555991549dcaf222b241ab4d949cfd57d5364074e9502364bb8c98
weaponsandequipmentarchives/telegram_167.jpg,telegram_167.jpg,.jpg,111102,1,c68a37398f737cb404fd4edadda64d8d0a91c632f3a3d73db733fa62e38afd61
weaponsandequipmentarchives/telegram_168.jpg,telegram_168.jpg,.jpg,63650,1,fbde9380baf01e5b263ab5695e02f50ea271fb53cbe7a2acc52f9acd94b671a0
weaponsandequipmentarchives/telegram_169.jpg,telegram_169.jpg,.jpg,54243,1,c3f978cd7837d96807cb60860d274f68c3f641f2de34961205af2fb294aa942f
weaponsandequipmentarchives/telegram_17.jpg,telegram_17.jpg,.jpg,176203,1,68ef001c2de725807047bf732b8d4f154a017ee25c034fcd5aa4d44b679fa1ca
weaponsandequipmentarchives/telegram_170.jpg,telegram_170.jpg,.jpg,53528,1,448a43a6d16003e7963d3996a93e8fac4ed144a41a28f2a869acdd4399a586c0
weaponsandequipmentarchives/telegram_18.jpg,telegram_18.jpg,.jpg,111734,1,5425154fc5d6d331f143fb0ebd1cbb9f4823056a5d9cd8ded148d2eed5f408ec
weaponsandequipmentarchives/telegram_19.jpg,telegram_19.jpg,.jpg,106725,1,dc69b1a42838f56ccf3ce64a3b0c8e51b357dd439343d218f86deeb98bfd299d
weaponsandequipmentarchives/telegram_2.jpg,telegram_2.jpg,.jpg,161083,1,a6dbdc5272002810016653931769715770e9ff5794a53bb1c396f764585f66e2
weaponsandequipmentarchives/telegram_20.jpg,telegram_20.jpg,.jpg,145240,1,1b79e438d2215e74fa1425a6da99833e7289e083a971bfdd1d93226d1e94c9c2
weaponsandequipmentarchives/telegram_21.jpg,telegram_21.jpg,.jpg,212977,1,c2c7061efbff9b175f012a0e829781839d8628af0a3c7a221b2ed475a4df87c4
weaponsandequipmentarchives/telegram_22.jpg,telegram_22.jpg,.jpg,77176,1,bd5b548d8c91e95ebad7b658c06911066e49af5ab53d216e2ba42bdefaff0599
weaponsandequipmentarchives/telegram_23.jpg,telegram_23.jpg,.jpg,196034,1,bdf14735a0d74d1569c1ea0cbca7feb5d30519c6230ae251a6b3ae8e514f3fa7
weaponsandequipmentarchives/telegram_24.jpg,telegram_24.jpg,.jpg,163665,1,6125ea7b4b1c49edd97ace3e5b40b54452d9298760d3159400902fdefe69f136
weaponsandequipmentarchives/telegram_25.jpg,telegram_25.jpg,.jpg,105517,1,732cec018251e1a77c522ae7abbd4366422a22322fb7dec62e5890149cc63876
weaponsandequipmentarchives/telegram_26.jpg,telegram_26.jpg,.jpg,187417,1,b49a077e2c4eebc1307c71ffb9b0e598a4262a023425d5ec22f644f7f36eb644
weaponsandequipmentarchives/telegram_27.jpg,telegram_27.jpg,.jpg,69075,1,31d7c6d2bdd9285cbb15cbc5d8efb227aede63352ce22351b47497097af5d705
weaponsandequipmentarchives/telegram_28.jpg,telegram_28.jpg,.jpg,206157,1,a5c72a0f3ef7934c9fd4bc92460a16b758491b66da95401480c8829da1bbc9e8
weaponsandequipmentarchives/telegram_29.jpg,telegram_29.jpg,.jpg,68813,1,91584be78fd8df23ba96837e46f43f4debf92df535bc8f573d3fb51fe7d13d82
weaponsandequipmentarchives/telegram_3.jpg,telegram_3.jpg,.jpg,73284,1,70c45b77356716d65fc9e3d2cf3438332e804fe4742adc7521b3ecc766b1a5be
weaponsandequipmentarchives/telegram_30.jpg,telegram_30.jpg,.jpg,178374,1,f7d85cf3656968c4a3a98743c9a907c1febec77218138cf4049045fe233764ae
weaponsandequipmentarchives/telegram_31.jpg,telegram_31.jpg,.jpg,212313,1,f4db6f5092075352ad6e648fab480d8fa08df824be086011aae327b434a894e6
weaponsandequipmentarchives/telegram_32.jpg,telegram_32.jpg,.jpg,145650,1,0d050eae39708bce01c462b70dfb598a188d3a5392f62c69e47f02f20edadc35
weaponsandequipmentarchives/telegram_33.jpg,telegram_33.jpg,.jpg,179592,1,5e061d609948c853d392c4f5dbc274a900318e373b2414c8a44a868139ae92e8
weaponsandequipmentarchives/telegram_34.jpg,telegram_34.jpg,.jpg,218744,1,8c111e26648e983398d995ba40a3cb16426c3232b3bbbe1b53d1632ae7781337
weaponsandequipmentarchives/telegram_35.jpg,telegram_35.jpg,.jpg,149605,1,855024363a8906ba9d82372e54f92ae606c08d212749673da1db7a32eac444fe
weaponsandequipmentarchives/telegram_36.jpg,telegram_36.jpg,.jpg,151153,1,4615c92d9d53ae20291802d5d00b57dc4fd784f6a8f40997dbec1ba44537c412
weaponsandequipmentarchives/telegram_37.jpg,telegram_37.jpg,.jpg,93445,1,0110b4bc147161b72992749bdff8ad048e79204b89d462368a7ee814af22d713
weaponsandequipmentarchives/telegram_38.jpg,telegram_38.jpg,.jpg,207876,1,8d884e706cfde5841bd061a06797ec645d058243d8a4ba92e0bf47644d1203ec
weaponsandequipmentarchives/telegram_39.jpg,telegram_39.jpg,.jpg,149490,1,25239a408efccfd5964800f6662b6e432a154db437596b1e2e5ca7eb5e1e319e
weaponsandequipmentarchives/telegram_4.jpg,telegram_4.jpg,.jpg,169699,1,c2e0523ac6c5c5a9affaf36238031b598662f7cf67e953ba30180e40be9a52a4
weaponsandequipmentarchives/telegram_40.jpg,telegram_40.jpg,.jpg,210999,1,183dd38e57699a1fc4e5b3801623072a13088124b9f1579595908abe1e508c00
weaponsandequipmentarchives/telegram_41.jpg,telegram_41.jpg,.jpg,197610,1,b3065e00aeb226d5455ad0a397e7f1b9d79300d4e6d77092256dc89c6145cab3
weaponsandequipmentarchives/telegram_42.jpg,telegram_42.jpg,.jpg,164808,1,c0f4d2d5d030044a9a92fafd1436745334e9eb94e5ea7ae09a85744942ea4fc7
weaponsandequipmentarchives/telegram_43.jpg,telegram_43.jpg,.jpg,132186,1,2c7fabc16006e0cd0616f95cd02b3ee1e2bfa331904a5861ab746575e4e7c90b
weaponsandequipmentarchives/telegram_44.jpg,telegram_44.jpg,.jpg,188508,1,db8f30ff2c7d688f23ff14cdb1167e72771c853ff6bb1220819e669cffa3e59d
weaponsandequipmentarchives/telegram_45.jpg,telegram_45.jpg,.jpg,182113,1,91b0d40dd9affe5715bc915a43fc58f460c2fd5dd063061c1418d7a8b718ebe7
weaponsandequipmentarchives/telegram_46.jpg,telegram_46.jpg,.jpg,25150,1,5aee057e3320e75ba40eef06ef4dd499eb33c8eb623104bb37be76fb3e1cea32
weaponsandequipmentarchives/telegram_47.jpg,telegram_47.jpg,.jpg,24862,1,3b8d4e28ac9541d1f2d330dbf7aa1b95cfc02da9c18b611acf8b695ddedf21fb
weaponsandequipmentarchives/telegram_48.jpg,telegram_48.jpg,.jpg,25150,1,5aee057e3320e75ba40eef06ef4dd499eb33c8eb623104bb37be76fb3e1cea32
weaponsandequipmentarchives/telegram_49.jpg,telegram_49.jpg,.jpg,28499,1,210d1f89b275140d057f8c29a8e055e0aa95de31da8e49eb92cbfa43d6c44989
weaponsandequipmentarchives/telegram_5.jpg,telegram_5.jpg,.jpg,51443,1,2001d4f8a5ba2829e9fac59a657d49d7d07347458428a9d3107dd1024241cf58
weaponsandequipmentarchives/telegram_50.jpg,telegram_50.jpg,.jpg,251492,1,47c8ad2c9bd4f9c73a23df9fc7bb899e514dd4ddf474b767434b7607654c002c
weaponsandequipmentarchives/telegram_51.jpg,telegram_51.jpg,.jpg,154541,1,7ca60b7035280850ddfc11eb39f313139b75bdb23f7f2ac0c6380fc7250d4770
weaponsandequipmentarchives/telegram_52.jpg,telegram_52.jpg,.jpg,82630,1,0232988237747a4da0fa42145e3dc2521cb1ceae0f0aebc9c4a149418a387a2c
weaponsandequipmentarchives/telegram_53.jpg,telegram_53.jpg,.jpg,176777,1,6872f2fc4c50a43026e3e88fbd94d2ee693098a4ad63fdf2f131c6243dd31f4e
weaponsandequipmentarchives/telegram_54.jpg,telegram_54.jpg,.jpg,115992,1,60c6107fbbb410aaa5584386c632e4692713432e44564c42ea8a1fabb2e660af
weaponsandequipmentarchives/telegram_55.jpg,telegram_55.jpg,.jpg,195335,1,38e389db391eff353265166445afc4e1941415b1c5c88eef6823c49d78ce0626
weaponsandequipmentarchives/telegram_56.jpg,telegram_56.jpg,.jpg,58626,1,1f93944cd2cbfc07e8d9417c794747524ce0e17ae5dabda1dd43859c082d7a05
weaponsandequipmentarchives/telegram_57.jpg,telegram_57.jpg,.jpg,48583,1,147cfe370c12270d2a9f17d84f006ad0a12f5a2766f2aa38be5e0adced12d911
weaponsandequipmentarchives/telegram_58.jpg,telegram_58.jpg,.jpg,59739,1,4d8cc3adc6e18933ad7fc9625fb87d61a9a7b9a9250fcba1400427ba3906bd30
weaponsandequipmentarchives/telegram_59.jpg,telegram_59.jpg,.jpg,70338,1,c93caac2640c7cbfc00ed0bbe1f9635903f96e66e4df9f9290e9327e0aaef880
weaponsandequipmentarchives/telegram_6.jpg,telegram_6.jpg,.jpg,229309,1,728e00c66b4c31cf2390f3def14b81c9da1dd73e7f0f49f4c13f473470c97fde
weaponsandequipmentarchives/telegram_60.jpg,telegram_60.jpg,.jpg,74685,1,17200d0923e2cdcdd56b2d9d8ad3323f31c6ab141812ad8912539cc3961947b8
weaponsandequipmentarchives/telegram_61.jpg,telegram_61.jpg,.jpg,85672,1,6a09125be6d00a6cff74736bb80c8fb97a09dd7a6ba24390ed3d4bd6b8ecbd65
weaponsandequipmentarchives/telegram_62.jpg,telegram_62.jpg,.jpg,111640,1,d55ec39fe0b3f2608c3ad7822a3789faf7ab2e08c4f7e66d3c92f872a461b98f
weaponsandequipmentarchives/telegram_63.jpg,telegram_63.jpg,.jpg,138050,1,7a54bfde7c902e5e093c71426f3a98bb29210779c7120307eca0f51975addded
weaponsandequipmentarchives/telegram_64.jpg,telegram_64.jpg,.jpg,152421,1,4ee52aba40c07415d704925628fc540f6d19c8a50eea131943718a86f9773c6a
weaponsandequipmentarchives/telegram_65.jpg,telegram_65.jpg,.jpg,98254,1,4f70d0c588939057aea4fd32f0c6bac31144a5acd7ec155c52cce0a397c630ca
weaponsandequipmentarchives/telegram_66.jpg,telegram_66.jpg,.jpg,104299,1,c28fea02cbcdae9b4c3cb47e447dc0c80a5268dc4ef450deec6ce66f60ef0944
weaponsandequipmentarchives/telegram_67.jpg,telegram_67.jpg,.jpg,93565,1,a3508cf321e9ce132de690e55f911e2a12961a40873f998e28b51a2532a56240
weaponsandequipmentarchives/telegram_68.jpg,telegram_68.jpg,.jpg,113231,1,6bb4f1a1d3f083336e19d30763de888cca0b3bf67ee21db8768e8e5762271227
weaponsandequipmentarchives/telegram_69.jpg,telegram_69.jpg,.jpg,134588,1,7c515b2f92581c5ddaaa795c0eff04e234bdaa57fa5f8cb410da106626efeb4d
weaponsandequipmentarchives/telegram_7.jpg,telegram_7.jpg,.jpg,295986,1,e04ea803fa9e81a425273e78c241134e578e50318630a313c971acaf5259e04a
weaponsandequipmentarchives/telegram_70.jpg,telegram_70.jpg,.jpg,64882,1,0da5515cedf69771af40e9c9a2474da1f35a254a677ad9089ac677eb4811ebf1
weaponsandequipmentarchives/telegram_71.jpg,telegram_71.jpg,.jpg,27583,1,8557bfacafa994be9c3f339b84552305975cc922456bd0d33ccd749a608b8dfb
weaponsandequipmentarchives/telegram_72.jpg,telegram_72.jpg,.jpg,137820,1,cf4621d6114ac4e75e72f3ce5a878c10072634bbd035e917deb3d9ad1794b13c
weaponsandequipmentarchives/telegram_73.jpg,telegram_73.jpg,.jpg,113553,1,aa2a8d258a50a679a6b1df6684594f9d04f6f834f22581c3d7f787eb5a908518
weaponsandequipmentarchives/telegram_74.jpg,telegram_74.jpg,.jpg,55182,1,3e2e36d3fe92370cc927cf5437f6a027b28fd59ed62d0647b28d762147dadf47
weaponsandequipmentarchives/telegram_75.jpg,telegram_75.jpg,.jpg,62303,1,81f96b35553d00f028d69739710ab5ab7ecb5b725dfafddce2facaef58bcb5f8
weaponsandequipmentarchives/telegram_76.jpg,telegram_76.jpg,.jpg,88377,1,2f157e467a04408a71a45e0949fdde77ed4f74808e7f593691c5a81c0b52d387
weaponsandequipmentarchives/telegram_77.jpg,telegram_77.jpg,.jpg,92838,1,38744cfb9fbfe100eed52036c2d48032c1209ddd257960d938fb11b313178a29
weaponsandequipmentarchives/telegram_78.jpg,telegram_78.jpg,.jpg,149367,1,73e7ac035dc5b888df3f7b0161737a14f3cd2135f632754975e67069b1db09f0
weaponsandequipmentarchives/telegram_79.jpg,telegram_79.jpg,.jpg,115643,1,c59b0faf4c353956bfc98ac79f086d553d232be49ded83d634d73c74a2690295
weaponsandequipmentarchives/telegram_8.jpg,telegram_8.jpg,.jpg,219029,1,25269735b8fb06fc4dfa435cf7702aefdd232e62b2d60afb383eeb98b9d0233b
weaponsandequipmentarchives/telegram_80.jpg,telegram_80.jpg,.jpg,66105,1,af36ae45d582d96c4c1e2c3c1b36b8aab56fdf0bbb397f3415bd935ca0d2f14a
weaponsandequipmentarchives/telegram_81.jpg,telegram_81.jpg,.jpg,35040,1,91ce944cbaebb99e099ff24dbd83d9871608db719ec8352e37c6f08316599902
weaponsandequipmentarchives/telegram_82.jpg,telegram_82.jpg,.jpg,60926,1,53deed5448dcb8758e30407144c08c4fe7aef563b85ae809661289a78c5189b9
weaponsandequipmentarchives/telegram_83.jpg,telegram_83.jpg,.jpg,91681,1,2a4fca5bb889347753d0255a622abe0d9ea10645fe45bafe87d1c9bcec62fc20
weaponsandequipmentarchives/telegram_84.jpg,telegram_84.jpg,.jpg,202632,1,d1a48a6bb578a0871f4698eedda2829ba29129227ce15eed7416985136675e5d
weaponsandequipmentarchives/telegram_85.jpg,telegram_85.jpg,.jpg,92890,1,93ec9f70a5a5a1206cff3dde0b97011b82430bf459b1d742c1ac32c8cc5e1b92
weaponsandequipmentarchives/telegram_86.jpg,telegram_86.jpg,.jpg,90651,1,3990f5d0eead35b3a81d36b05a67050f52b7a67ca96a256f1f9593b96634dbff
weaponsandequipmentarchives/telegram_87.jpg,telegram_87.jpg,.jpg,68482,1,fa55e2c8502d0c8d1d8ed3716d1b34664af6d5fe23401feb16eefcc39c44919d
weaponsandequipmentarchives/telegram_88.jpg,telegram_88.jpg,.jpg,108113,1,b27c7a65c64359ff4db8afe34861c6680e286690e4f8cb73491e5229bbccef6f
weaponsandequipmentarchives/telegram_89.jpg,telegram_89.jpg,.jpg,64355,1,c276737b7dea3d0bc86f694263c6c7bec864c34175a1bed853eca0d9f0c76b75
weaponsandequipmentarchives/telegram_9.jpg,telegram_9.jpg,.jpg,290800,1,f14fbd430ae9c8ca0ad13e37d3ff00fbe781457e148106948acac5189e45bc81
weaponsandequipmentarchives/telegram_90.jpg,telegram_90.jpg,.jpg,106699,1,1c167cbd232250a0512386cec19900cff55f2b8640b54bf23b693bb4c3fa2185
weaponsandequipmentarchives/telegram_91.jpg,telegram_91.jpg,.jpg,157936,1,d26c7a736ad6f6135c6e86c6834e603c58615f9d3a391fa965eb1b1773db1e59
weaponsandequipmentarchives/telegram_92.jpg,telegram_92.jpg,.jpg,73564,1,0f960ef096c469c12374249ec55b2453d7270bbd2a0272d86445654e4b9918cb
weaponsandequipmentarchives/telegram_93.jpg,telegram_93.jpg,.jpg,79312,1,aa113f49378d609336bde1f6299a4cd3739a816b4683f4bf1cde9841993f2722
weaponsandequipmentarchives/telegram_94.jpg,telegram_94.jpg,.jpg,53828,1,ef2078136bb70bfc38e648a1476ddb12d65b477682ac2ea1a707acca346bbf94
weaponsandequipmentarchives/telegram_95.jpg,telegram_95.jpg,.jpg,275332,1,8b59699f26a6070385ee7951f9d8c963fa163b3809c924f4d9bf44daf1742d20
weaponsandequipmentarchives/telegram_96.jpg,telegram_96.jpg,.jpg,62143,1,2dbd89a1055a0252a56ad6d6da9a5cd5fd549bc3cae1038b9c209f8b2746d55d
weaponsandequipmentarchives/telegram_97.jpg,telegram_97.jpg,.jpg,66559,1,f3b041fb64e6c7e00030fc0d6fd8e040918b08b79a00074f2a6174540de83890
weaponsandequipmentarchives/telegram_98.jpg,telegram_98.jpg,.jpg,148447,1,4893c0327e30e95b39837773caf7c4ad8d8fdec1e3aa855bb72d22348612490f
weaponsandequipmentarchives/telegram_99.jpg,telegram_99.jpg,.jpg,64594,1,0b29a3ffe10b6ced3197bd6feb3114e086dad96009bbb935a616358c46954668
